X,Y,Z,E_r,E_t
1.0,1.0,1.0,(0.004074074122111139-0.0005822775081718795j),(0.11401834202395356-0.19100135005716629j)
1.0,1.0,1.1111111111111112,(-1.626116611234887e-05-0.003675884359816217j),(-0.17016101378492526-0.13640050018665067j)
1.0,1.0,1.2222222222222223,(-0.003271564523934639-0.00013550419477030172j),(-0.1408898587381313+0.1601409853697617j)
1.0,1.0,1.3333333333333333,(-1.5984773498402483e-05+0.0029121158138410578j),(0.1611481047441502+0.1318216870304857j)
1.0,1.0,1.4444444444444444,(0.002574736566155775-0.00026645383169582326j),(0.11068105012374284-0.1700378287525675j)
1.0,1.0,1.5555555555555556,(-0.000627912594260466-0.0022138788858918393j),(-0.18158046260507008-0.07758057397116634j)
1.0,1.0,1.6666666666666665,(-0.0017897699797987411+0.000994291721117712j),(-0.033059651087454095+0.18912221867347823j)
1.0,1.0,1.7777777777777777,(0.0012942622086361973+0.001285098774244179j),(0.18543809088636284-0.02025652845169336j)
1.0,1.0,1.8888888888888888,(0.0007143277080995803-0.0014622411412099354j),(-0.07654576625611179-0.16419621411628676j)
1.0,1.0,2.0,(-0.0014493619034240597-0.00012543645306954584j),(-0.12199747467319261+0.1267033311846093j)
1.0,1.1111111111111112,1.0,(0.00016209835254993202-0.004166437106828765j),(-0.16305422331772312-0.1334556683156451j)
1.0,1.1111111111111112,1.1111111111111112,(-0.0036571598203161623-0.0008464702796106471j),(-0.15884484276099156+0.1330751728769719j)
1.0,1.1111111111111112,1.2222222222222223,(-0.001071888284634859+0.0031940547057669557j),(0.11511989991641734+0.16757311791913632j)
1.0,1.1111111111111112,1.3333333333333333,(0.002847762926554555+0.0009987185202146923j),(0.16548464918632105-0.11061600984679007j)
1.0,1.1111111111111112,1.4444444444444444,(0.0007374903883629247-0.002597606113580995j),(-0.1178301293996689-0.15480039741474833j)
1.0,1.1111111111111112,1.5555555555555556,(-0.0023884352876148195-0.0003599157862046377j),(-0.13520338433950546+0.1333017152212077j)
1.0,1.1111111111111112,1.6666666666666665,(7.974141977763124e-05+0.0021597788350172387j),(0.15219110336701372+0.10534180505099322j)
1.0,1.1111111111111112,1.7777777777777777,(0.0018618457892521935-0.0005284043851577307j),(0.06440558879319562-0.1683832155661673j)
1.0,1.1111111111111112,1.8888888888888888,(-0.000927228300797463-0.0014666154670836028j),(-0.1749526803527045-0.013611677345408083j)
1.0,1.1111111111111112,2.0,(-0.0009760648287374398+0.001214224758106757j),(0.04268241578779811+0.16531362138435635j)
1.0,1.2222222222222223,1.0,(-0.004130024745513137-0.0004929509186398725j),(-0.13470108709277723+0.14694910988300772j)
1.0,1.2222222222222223,1.1111111111111112,(-0.0013216007959606802+0.0035339491484050215j),(0.10968185697484802+0.16319598369339772j)
1.0,1.2222222222222223,1.2222222222222223,(0.0029859354691181856+0.0016490052252521505j),(0.17449401457841457-0.08360503498336595j)
1.0,1.2222222222222223,1.3333333333333333,(0.0016543800103259454-0.002593888504852134j),(-0.07139345639645428-0.17607163444130317j)
1.0,1.2222222222222223,1.4444444444444444,(-0.0023541070092443286-0.0014614163496123097j),(-0.17160843276205956+0.0723152767751939j)
1.0,1.2222222222222223,1.5555555555555556,(-0.0011415792150433696+0.002217034479247507j),(0.08417752910059782+0.161637439550692j)
1.0,1.2222222222222223,1.6666666666666665,(0.0021197147662881622+0.0007363528541960166j),(0.14471909967260718-0.1038441560230527j)
1.0,1.2222222222222223,1.7777777777777777,(0.0002782487797582089-0.0020007607080061674j),(-0.12710501108282524-0.11870510830392442j)
1.0,1.2222222222222223,1.8888888888888888,(-0.0018093058478099418+0.0001952167673726478j),(-0.08204437780378723+0.14851946119104964j)
1.0,1.2222222222222223,2.0,(0.0006357168485986404+0.0015130863236215218j),(0.1616766074125151+0.035076257001807776j)
1.0,1.3333333333333333,1.0,(-0.00045142400282524955+0.004073742502594525j),(0.14217539376111493+0.12373862959978243j)
1.0,1.3333333333333333,1.1111111111111112,(0.0034505649022335736+0.0014542603227236477j),(0.15705972901405213-0.10043411537806948j)
1.0,1.3333333333333333,1.2222222222222223,(0.0019112754015117913-0.0028225398012044923j),(-0.06740363521124196-0.17116979615392577j)
1.0,1.3333333333333333,1.3333333333333333,(-0.002351829317807791-0.002011996740696771j),(-0.17482231626170847+0.04744140383887632j)
1.0,1.3333333333333333,1.4444444444444444,(-0.0018996185146669066+0.00206403562188127j),(0.04072601845712546+0.17331254450525543j)
1.0,1.3333333333333333,1.5555555555555556,(0.0019240819471300844+0.0016575855439342787j),(0.16856974602469332-0.04583054651135936j)
1.0,1.3333333333333333,1.6666666666666665,(0.001327356555043464-0.0018759954590160683j),(-0.06069444310017879-0.16004809556969524j)
1.0,1.3333333333333333,1.7777777777777777,(-0.001859825871338152-0.0009303002564959128j),(-0.14572549996791812+0.08264625176070556j)
1.0,1.3333333333333333,1.8888888888888888,(-0.00048509328862210107+0.0018189095125707225j),(0.10806729768218985+0.12311345836358545j)
1.0,1.3333333333333333,2.0,(0.0017052429622663443+1.887027659162741e-05j),(0.0903340290644699-0.13213935404052968j)
1.0,1.4444444444444444,1.0,(0.003999253381334866+9.733366426165475e-05j),(0.1031797054817593-0.14527491735977072j)
1.0,1.4444444444444444,1.1111111111111112,(0.0012987234003090974-0.003442248192259454j),(-0.10271768403290715-0.14376817674103481j)
1.0,1.4444444444444444,1.2222222222222223,(-0.0027715728837901096-0.0019191001581887186j),(-0.16241824525213724+0.06464701389904308j)
1.0,1.4444444444444444,1.3333333333333333,(-0.0021365686571075612+0.002218796294406248j),(0.03781228899733325+0.16839014235823915j)
1.0,1.4444444444444444,1.4444444444444444,(0.0018522142525529695+0.0021114137290536425j),(0.1684074108196077-0.023629205851296922j)
1.0,1.4444444444444444,1.5555555555555556,(0.0019463628199449584-0.0016590791516519704j),(-0.02128889866905382-0.1659232064532602j)
1.0,1.4444444444444444,1.6666666666666665,(-0.0015952554939038712-0.0016939728368536634j),(-0.1616792733170503+0.02930194373168641j)
1.0,1.4444444444444444,1.7777777777777777,(-0.001376141426579292+0.001607826573491541j),(0.045896953097610695+0.15452172250963458j)
1.0,1.4444444444444444,1.8888888888888888,(0.001643410170682624+0.0010023398552050132j),(0.14219472333543737-0.06881112952899207j)
1.0,1.4444444444444444,2.0,(0.0005832558946670939-0.0016516335792978497j),(-0.09489344374466742-0.12214880284091953j)
1.0,1.5555555555555556,1.0,(-0.0005025821458581849-0.003842889534792383j),(-0.15142439715232794-0.07391701664921581j)
1.0,1.5555555555555556,1.1111111111111112,(-0.003472520138934683-0.0008962260574908257j),(-0.12386417213560555+0.1127178857666612j)
1.0,1.5555555555555556,1.2222222222222223,(-0.00171238228547617+0.0028282054269386228j),(0.07230278658147445+0.14952350331180816j)
1.0,1.5555555555555556,1.3333333333333333,(0.0022182303405191713+0.002077205896727891j),(0.1594257636397935-0.04000461058146991j)
1.0,1.5555555555555556,1.4444444444444444,(0.0021547715213976588-0.001767628439323939j),(-0.019100411656678085-0.16122682401949362j)
1.0,1.5555555555555556,1.5555555555555556,(-0.0014959416337695674-0.002067335646538949j),(-0.1597963725906973+0.009639990230000504j)
1.0,1.5555555555555556,1.6666666666666665,(-0.0018852821158991395+0.0013757642359610313j),(0.010540996091163948+0.15725642634206843j)
1.0,1.5555555555555556,1.7777777777777777,(0.0013637028339997857+0.0016404351061036178j),(0.15360620298424663-0.020466961211882295j)
1.0,1.5555555555555556,1.8888888888888888,(0.001343097774482589-0.0014128915535539886j),(-0.037917574910348514-0.14739041395136127j)
1.0,1.5555555555555556,2.0,(-0.0014769166724143217-0.0009964058028895648j),(-0.13632586364533972+0.06093035452724799j)
1.0,1.6666666666666665,1.0,(-0.0035135067518011704+0.0012617512143602272j),(-0.03680804611943708+0.15512894742381866j)
1.0,1.6666666666666665,1.1111111111111112,(-0.00028491832117178713+0.0034624868833121533j),(0.12593409299975136+0.09672641161380008j)
1.0,1.6666666666666665,1.2222222222222223,(0.002942071328761977+0.0013112278705987345j),(0.13173439635405018-0.08691187088299603j)
1.0,1.6666666666666665,1.3333333333333333,(0.0018563240601449193-0.002327671505096254j),(-0.051228112351049904-0.1479169134900527j)
1.0,1.6666666666666665,1.4444444444444444,(-0.0018113023761944244-0.0020629629009063137j),(-0.15298297364702557+0.02471266027113765j)
1.0,1.6666666666666665,1.5555555555555556,(-0.0020646687227742935+0.0014566444587532194j),(0.008799703323062163+0.1528900122169392j)
1.0,1.6666666666666665,1.6666666666666665,(0.0012603733312428404+0.001950907867484864j),(0.15107380765084977-0.0029914397944743954j)
1.0,1.6666666666666665,1.7777777777777777,(0.0017691670240928404-0.0011917157780658417j),(-0.006226062628325056-0.14875354331281215j)
1.0,1.6666666666666665,1.8888888888888888,(-0.001211536906144462-0.0015383050112789663j),(-0.1454879323877552+0.01735426890008973j)
1.0,1.6666666666666665,2.0,(-0.001262315311909531+0.0012792662269063538j),(0.03507564631141681+0.13970691161196844j)
1.0,1.7777777777777777,1.0,(0.0020595570143931256+0.002928570935964988j),(0.15086166933485048-0.0059754911577232835j)
1.0,1.7777777777777777,1.1111111111111112,(0.003314723662944512-0.00047999442197392723j),(0.06199478637318026-0.13730592586079587j)
1.0,1.7777777777777777,1.2222222222222223,(0.0007323674302536301-0.0030344455849574178j),(-0.10455814412080701-0.10758901448366273j)
1.0,1.7777777777777777,1.3333333333333333,(-0.002495111354095506-0.0014786626571984896j),(-0.1324209979275306+0.0685413790953994j)
1.0,1.7777777777777777,1.4444444444444444,(-0.0018450171776209481+0.001954879378657375j),(0.03808471519060074+0.14293115406997298j)
1.0,1.7777777777777777,1.5555555555555556,(0.0015319515027383123+0.0019583830105771973j),(0.1455331109785504-0.01664066143402792j)
1.0,1.7777777777777777,1.6666666666666665,(0.0019220454267111697-0.0012567039252368386j),(-0.004729096619934928-0.14475028923409888j)
1.0,1.7777777777777777,1.7777777777777777,(-0.0011164632976100116-0.0018006752252194354j),(-0.1429774542973014+0.0016939603491971363j)
1.0,1.7777777777777777,1.8888888888888888,(-0.0016264323752055304+0.0010818672576675958j),(0.0065885322580699355+0.14083813580432453j)
1.0,1.7777777777777777,2.0,(0.0011187706496312525+0.0014104693688459444j),(0.13764426885826547-0.018418002640433015j)
1.0,1.8888888888888888,1.0,(0.002050207808517811-0.002740157057876012j),(-0.050144793430847906-0.13404093187989963j)
1.0,1.8888888888888888,1.1111111111111112,(-0.0013091981697296055-0.002938354709405745j),(-0.1415316357799425-0.0207288766153299j)
1.0,1.8888888888888888,1.2222222222222223,(-0.0030126299803908156-9.201891268421176e-06j),(-0.0760547125603615+0.1207428282615317j)
1.0,1.8888888888888888,1.3333333333333333,(-0.0009477740899059119+0.002648197862205436j),(0.08859016271824173+0.11109082361332837j)
1.0,1.8888888888888888,1.4444444444444444,(0.002149636902164827+0.0014965393864448538j),(0.12932326024678448-0.056740393363922996j)
1.0,1.8888888888888888,1.5555555555555556,(0.0017489692996896366-0.0016928857642309523j),(-0.031162628610238136-0.13661068109225127j)
1.0,1.8888888888888888,1.6666666666666665,(-0.0013513647370401553-0.0018093428352775115j),(-0.1381006879623088+0.013946899427980976j)
1.0,1.8888888888888888,1.7777777777777777,(-0.0017560329818457916+0.0011381736134794436j),(0.005195406388700617+0.1372004666662911j)
1.0,1.8888888888888888,1.8888888888888888,(0.001037874023532611+0.0016359672933530202j),(0.13556653495712156-0.0042605498568350835j)
1.0,1.8888888888888888,2.0,(0.0014713419928255433-0.0010241763535693278j),(-0.010319051900902012-0.13343491508092942j)
1.0,2.0,1.0,(-0.003131862620192544-0.000916463953347991j),(-0.10234062741067979+0.08927530852155809j)
1.0,2.0,1.1111111111111112,(-0.002277806091174695+0.0020742921784355243j),(0.023824635252672394+0.1338363095003004j)
1.0,2.0,1.2222222222222223,(0.000792005457567405+0.0027877796608826596j),(0.13055062907603487+0.03750545913701986j)
1.0,2.0,1.3333333333333333,(0.0027030444079018112+0.0002836067623008101j),(0.08258580688930904-0.10739490572357989j)
1.0,2.0,1.4444444444444444,(0.0010142072610288312-0.0023311840034573946j),(-0.07777601130637866-0.11020340328888872j)
1.0,2.0,1.5555555555555556,(-0.0018953857080414292-0.0014275713840938412j),(-0.12429637142540523+0.050243957998729605j)
1.0,2.0,1.6666666666666665,(-0.001608564891374632+0.0015167746356429658j),(0.028940048706158378+0.12985748206910883j)
1.0,2.0,1.7777777777777777,(0.0012421438488862582+0.0016398554814166856j),(0.13095535899468574-0.01519229525724317j)
1.0,2.0,1.8888888888888888,(0.0015807147554918275-0.0010760515694335985j),(-0.008937052370170808-0.1301548387667399j)
1.0,2.0,2.0,(-0.0010032671529222417-0.0014656674704476005j),(-0.12859169555183986+0.009593115455766868j)
1.1111111111111112,1.0,1.0,(-0.00019642748100934444-0.0035937632083388087j),(-0.16808914836260147-0.1319877521600959j)
1.1111111111111112,1.0,1.1111111111111112,(-0.0032112300055946647-0.0004327707143695026j),(-0.15840421567543664+0.1376936398935215j)
1.1111111111111112,1.0,1.2222222222222223,(-0.0006638161256842278+0.0028313947386162503j),(0.11921666063812997+0.16757808496891513j)
1.1111111111111112,1.0,1.3333333333333333,(0.002527890055177206+0.0006288375642568686j),(0.16553792058964967-0.11423085325732907j)
1.1111111111111112,1.0,1.4444444444444444,(0.00042449201570039265-0.002291851256019974j),(-0.12101790951147026-0.15465387471671893j)
1.1111111111111112,1.0,1.5555555555555556,(-0.0020816610924865413-0.00011685378593744459j),(-0.13471804653649772+0.13607914378422054j)
1.1111111111111112,1.0,1.6666666666666665,(0.0002425690237093433+0.001849721974072412j),(0.1545265189585036+0.10446417184942375j)
1.1111111111111112,1.0,1.7777777777777777,(0.001557519773240322-0.0006041491187028891j),(0.06315838111777478-0.17020979587979523j)
1.1111111111111112,1.0,1.8888888888888888,(-0.0009150564054938345-0.0011857148744719268j),(-0.17619507737042783-0.012089252297560622j)
1.1111111111111112,1.0,2.0,(-0.0007410014210095465+0.0011221763841985284j),(0.04432350898459599+0.16592110623943676j)
1.1111111111111112,1.1111111111111112,1.0,(-0.003614942013637277-0.0006732847336737647j),(-0.1546668623153498+0.13200657833459406j)
1.1111111111111112,1.1111111111111112,1.1111111111111112,(-0.0013550541356233976+0.0030454504057881695j),(0.09103356010827221+0.1783213681381288j)
1.1111111111111112,1.1111111111111112,1.2222222222222223,(0.0025503276400438944+0.001601662256000874j),(0.18609195565750752-0.06371716437187558j)
1.1111111111111112,1.1111111111111112,1.3333333333333333,(0.001575987554398416-0.0022102574409761135j),(-0.051672327834176926-0.1858139538900417j)
1.1111111111111112,1.1111111111111112,1.4444444444444444,(-0.0020127438002705057-0.0013853000731760012j),(-0.18102059685697508+0.05359443543868837j)
1.1111111111111112,1.1111111111111112,1.5555555555555556,(-0.0010890452348163242+0.0019089821814985521j),(0.06711236178989555+0.17189985894091628j)
1.1111111111111112,1.1111111111111112,1.6666666666666665,(0.0018406867862077697+0.0007205175608468546j),(0.15657709742196668-0.08914039229174572j)
1.1111111111111112,1.1111111111111112,1.7777777777777777,(0.00030605670732497374-0.0017520224769356219j),(-0.11558576288648229-0.13239784256748705j)
1.1111111111111112,1.1111111111111112,1.8888888888888888,(-0.001596876257027044+0.00012250036273476196j),(-0.09724245173377993+0.1410510512640527j)
1.1111111111111112,1.1111111111111112,2.0,(0.0005227791573014404+0.0013458291570703218j),(0.15898076129952324+0.05086347782207114j)
1.1111111111111112,1.2222222222222223,1.0,(-0.001163241148335866+0.0035111836238923854j),(0.10909746980483079+0.15943304878418207j)
1.1111111111111112,1.2222222222222223,1.1111111111111112,(0.002785346615532743+0.0019064431195248812j),(0.18096771065755218-0.06011458703995162j)
1.1111111111111112,1.2222222222222223,1.2222222222222223,(0.0021765618651462203-0.0021639135273639042j),(-0.02499130285579836-0.18614891664074454j)
1.1111111111111112,1.2222222222222223,1.3333333333333333,(-0.001746561827345892-0.0021675598543804304j),(-0.18454361235523736+0.005534292120813134j)
1.1111111111111112,1.2222222222222223,1.4444444444444444,(-0.002006225878351299+0.001525446392075398j),(0.00045387736062994056+0.1811735416834896j)
1.1111111111111112,1.2222222222222223,1.5555555555555556,(0.001452451679725029+0.0017568435360912214j),(0.17735101205670795-0.007782255580262141j)
1.1111111111111112,1.2222222222222223,1.6666666666666665,(0.0014447731616017605-0.0014695292887431954j),(-0.025524096979892632-0.17184041560101126j)
1.1111111111111112,1.2222222222222223,1.7777777777777777,(-0.0015191072234472772-0.001078771600561107j),(-0.16187806337405675+0.05138139989503679j)
1.1111111111111112,1.2222222222222223,1.8888888888888888,(-0.0006673387639357948+0.0015475215209867j),(0.08216478700414803+0.1441234117255535j)
1.1111111111111112,1.2222222222222223,2.0,(0.0015082666434492174+0.00022900960135932978j),(0.11570284885000348-0.11331761264257346j)
1.1111111111111112,1.3333333333333333,1.0,(0.003432093018695735+0.001312150268020304j),(0.1537324140237039-0.09996336827867039j)
1.1111111111111112,1.3333333333333333,1.1111111111111112,(0.0021493298375021086-0.0026010087555106403j),(-0.04539136984426488-0.17566343773766088j)
1.1111111111111112,1.3333333333333333,1.2222222222222223,(-0.0018597257952323236-0.0024641102534088107j),(-0.1790947837058633+0.003725969903509879j)
1.1111111111111112,1.3333333333333333,1.3333333333333333,(-0.0024761948055209513+0.001342495611815462j),(-0.022435265633143495+0.1750860630888365j)
1.1111111111111112,1.3333333333333333,1.4444444444444444,(0.001054530263521019+0.002338013592580435j),(0.17020037208620653+0.03436030651702001j)
1.1111111111111112,1.3333333333333333,1.5555555555555556,(0.0021292751454756757-0.0009519284614820046j),(0.03409878980267708-0.16708984141631072j)
1.1111111111111112,1.3333333333333333,1.6666666666666665,(-0.0009797827996863794-0.0018793312391096307j),(-0.1656278967131578-0.023352017101458546j)
1.1111111111111112,1.3333333333333333,1.7777777777777777,(-0.0015907773499579795+0.0010846410028648595j),(-0.003482582015941852+0.16384014583095152j)
1.1111111111111112,1.3333333333333333,1.8888888888888888,(0.0012161166266868298+0.0012574649543843238j),(0.15861047950078044-0.023950561017514846j)
1.1111111111111112,1.3333333333333333,2.0,(0.0008770619663828097-0.0013263910714101214j),(-0.05652032316916953-0.14636238601474538j)
1.1111111111111112,1.4444444444444444,1.0,(0.0011728026982952878-0.0034180406942579153j),(-0.10212485238177826-0.14086177354464385j)
1.1111111111111112,1.4444444444444444,1.1111111111111112,(-0.002553103697834841-0.002150526748014369j),(-0.16671088379350632+0.04440765644336328j)
1.1111111111111112,1.4444444444444444,1.2222222222222223,(-0.0025487693131359965+0.0017151633129580818j),(-0.002696457587488764+0.17070375174290703j)
1.1111111111111112,1.4444444444444444,1.3333333333333333,(0.0010917837546144627+0.002599075496119925j),(0.164974608091967+0.03487213537933389j)
1.1111111111111112,1.4444444444444444,1.4444444444444444,(0.002480677544008576-0.0007131895364862178j),(0.05294368954669267-0.157591108101871j)
1.1111111111111112,1.4444444444444444,1.5555555555555556,(-0.0005440112204422734-0.0022960529444645056j),(-0.1525933789620072-0.05912496070571931j)
1.1111111111111112,1.4444444444444444,1.6666666666666665,(-0.0020880470980319753+0.0005325754999665924j),(-0.0553077134763559+0.15105803371913956j)
1.1111111111111112,1.4444444444444444,1.7777777777777777,(0.0006292323003342075+0.0018634919737418301j),(0.15206351919476468+0.04268077692402791j)
1.1111111111111112,1.4444444444444444,1.8888888888888888,(0.0016121605200118674-0.0007892075263344048j),(0.022038201162629126-0.15333486503860033j)
1.1111111111111112,1.4444444444444444,2.0,(-0.0009703360136868479-0.001320162009416091j),(-0.15170722665499106+0.005617968495889896j)
1.1111111111111112,1.5555555555555556,1.0,(-0.0034367671566363682-0.0007872416250451779j),(-0.12138331925965826+0.11187289848660209j)
1.1111111111111112,1.5555555555555556,1.1111111111111112,(-0.001948905705906819+0.002632071086143744j),(0.054025260988605744+0.15486560261975044j)
1.1111111111111112,1.5555555555555556,1.2222222222222223,(0.001739600688194963+0.002481808921951264j),(0.1626294274781046-0.002690068107908667j)
1.1111111111111112,1.5555555555555556,1.3333333333333333,(0.0026042999418638673-0.0010181138568482186j),(0.03504072493028958-0.15713367382616494j)
1.1111111111111112,1.5555555555555556,1.4444444444444444,(-0.0005388691442245205-0.002516720485953989j),(-0.1478049174629527-0.058801678333790436j)
1.1111111111111112,1.5555555555555556,1.5555555555555556,(-0.0023477933302502845+0.0002831751005251956j),(-0.07068235484232249+0.14010169353700597j)
1.1111111111111112,1.5555555555555556,1.6666666666666665,(0.00020419607676726629+0.0021604873869777376j),(0.13631926986302165+0.07288103217891456j)
1.1111111111111112,1.5555555555555556,1.7777777777777777,(0.0019735548906786096-0.0002543647677524711j),(0.06685234144696423-0.13659676998182665j)
1.1111111111111112,1.5555555555555556,1.8888888888888888,(-0.0003925333529573139-0.0017811452492116654j),(-0.13962604146452232-0.053307032240663424j)
1.1111111111111112,1.5555555555555556,2.0,(-0.0015668903655475601+0.0005824122573855106j),(-0.032625642858146356+0.1430693961362388j)
1.1111111111111112,1.6666666666666665,1.0,(-0.00019502266542995717+0.0034129716320263096j),(0.12479238860989977+0.09470787332636696j)
1.1111111111111112,1.6666666666666665,1.1111111111111112,(0.0027850453933987024+0.0015592974355941804j),(0.13889187578105838-0.07091543028932695j)
1.1111111111111112,1.6666666666666665,1.2222222222222223,(0.0022784079674125616-0.0019037264394310602j),(-0.017206902834565645-0.15399213765307118j)
1.1111111111111112,1.6666666666666665,1.3333333333333333,(-0.001108765039529812-0.0025202086329414383j),(-0.15154037849795426-0.025545926364749214j)
1.1111111111111112,1.6666666666666665,1.4444444444444444,(-0.0024911929616075602+0.0005300731990278054j),(-0.054847684288982165+0.14192364467378699j)
1.1111111111111112,1.6666666666666665,1.5555555555555556,(0.00017822660695493013+0.00234477693701252j),(0.13200495180295338+0.07207763230471219j)
1.1111111111111112,1.6666666666666665,1.6666666666666665,(0.0021679461483770468-1.660563370056966e-05j),(0.07954001310989703-0.12534517595523642j)
1.1111111111111112,1.6666666666666665,1.7777777777777777,(1.4699108239710437e-07-0.0019968130383240645j),(-0.12313237150540711-0.07907568605638288j)
1.1111111111111112,1.6666666666666665,1.8888888888888888,(-0.0018358924485654383+8.799820180539856e-05j),(-0.07169431869266504+0.12498337924337444j)
1.1111111111111112,1.6666666666666665,2.0,(0.0002479667823881358+0.0016730516302040717j),(0.12943135151250598+0.057746670091468943j)
1.1111111111111112,1.7777777777777777,1.0,(0.0032525439592146965-0.0005476708283217856j),(0.06049666194661879-0.1358979762509483j)
1.1111111111111112,1.7777777777777777,1.1111111111111112,(0.000990888541927417-0.0029313764760323484j),(-0.09135302868487069-0.11685832745982007j)
1.1111111111111112,1.7777777777777777,1.2222222222222223,(-0.0021531317217130565-0.0019310538202760527j),(-0.14258489689510545+0.038309807226006534j)
1.1111111111111112,1.7777777777777777,1.3333333333333333,(-0.0023432942140022995+0.0013310595924301302j),(-0.008335462405482502+0.14646378600820614j)
1.1111111111111112,1.7777777777777777,1.4444444444444444,(0.0006676733247720415+0.002414113252010429j),(0.13901625400211653+0.04301469375768842j)
1.1111111111111112,1.7777777777777777,1.5555555555555556,(0.0023129437999198418-0.00021823741271158873j),(0.06560016825537487-0.12832077432700925j)
1.1111111111111112,1.7777777777777777,1.6666666666666665,(3.400749917060615e-05-0.0021511787308025514j),(-0.11925032615981128-0.07804278278332641j)
1.1111111111111112,1.7777777777777777,1.7777777777777777,(-0.0019858901439124407-0.00012864398749479363j),(-0.08242663603104039+0.114087698291535j)
1.1111111111111112,1.7777777777777777,1.8888888888888888,(-0.0001050358593731113+0.0018362830362742182j),(0.1133467530268526+0.08017356032823911j)
1.1111111111111112,1.7777777777777777,2.0,(0.0016991068599907595-4.372802345275524e-06j),(0.07193208400532866-0.11636667228407482j)
1.1111111111111112,1.8888888888888888,1.0,(-0.001351593398559142-0.0028677025799829473j),(-0.13995492488727856-0.01980679644054456j)
1.1111111111111112,1.8888888888888888,1.1111111111111112,(-0.0029751582007461553-0.00026874730310463477j),(-0.08724881022571374+0.11096511675515516j)
1.1111111111111112,1.8888888888888888,1.2222222222222223,(-0.0014283308080799205+0.002413703510388162j),(0.06308039770565618+0.1258037677923989j)
1.1111111111111112,1.8888888888888888,1.3333333333333333,(0.001636738298533143+0.0020523347155682707j),(0.13928968366951797-0.014793331452316356j)
1.1111111111111112,1.8888888888888888,1.4444444444444444,(0.002270497359761467-0.0009221782848049325j),(0.024594152503255765-0.13699688256009646j)
1.1111111111111112,1.8888888888888888,1.5555555555555556,(-0.0003844092775619428-0.002250327397896273j),(-0.12769003604271476-0.05257290233848884j)
1.1111111111111112,1.8888888888888888,1.6666666666666665,(-0.0021227315687554387+3.936143369859526e-05j),(-0.07007985422717627+0.11748527059920834j)
1.1111111111111112,1.8888888888888888,1.7777777777777777,(-0.00013941143765535717+0.001966942361945486j),(0.10982994301316237+0.0790803700451645j)
1.1111111111111112,1.8888888888888888,1.8888888888888888,(0.0018199559455049812+0.0001882550641717091j),(0.081304251514209-0.10617390459496859j)
1.1111111111111112,1.8888888888888888,2.0,(0.00013982155979838065-0.0016908286210831239j),(-0.1066270276708167-0.07780081274145778j)
1.1111111111111112,2.0,1.0,(-0.0022054603412514587+0.00208975223206839j),(0.024146590259367086+0.13224189556083796j)
1.1111111111111112,2.0,1.1111111111111112,(0.0005483913149829645+0.0028217202135860852j),(0.12480557268433284+0.04994867753844545j)
1.1111111111111112,2.0,1.2222222222222223,(0.002596972330640666+0.0007743749100500573j),(0.10149565987515557-0.08782919453260284j)
1.1111111111111112,2.0,1.3333333333333333,(0.0016244319614354145-0.0019617759620038505j),(-0.04160663355981704-0.12716508032996443j)
1.1111111111111112,2.0,1.4444444444444444,(-0.0012530812291424822-0.002032405517259063j),(-0.13316281402556043-0.0008124651895107124j)
1.1111111111111112,2.0,1.5555555555555556,(-0.002136092788668176+0.000651996473624146j),(-0.033800857374435944+0.1279416224355665j)
1.1111111111111112,2.0,1.6666666666666665,(0.00022039306726418103+0.0020736791310289704j),(0.11852876176107768+0.05651124947304091j)
1.1111111111111112,2.0,1.7777777777777777,(0.0019438702757373133+4.461960756451727e-05j),(0.07024728970196567-0.10953137328490481j)
1.1111111111111112,2.0,1.8888888888888888,(0.0001707168284947669-0.0018028925221776622j),(-0.10340902204712052-0.07675889266437963j)
1.1111111111111112,2.0,2.0,(-0.0016747003464760478-0.00018907788388759648j),(-0.0774190164254413+0.10107311873066807j)
1.2222222222222223,1.0,1.0,(-0.0031401186410082767+0.0001918304858169839j),(-0.13236035589643944+0.15660348799456197j)
1.2222222222222223,1.0,1.1111111111111112,(-0.0005054564780594102+0.002808629214103615j),(0.11853778387572948+0.16320672091549654j)
1.2222222222222223,1.0,1.2222222222222223,(0.0024451024020249864+0.000823230689773024j),(0.17565495291618077-0.09139619801360888j)
1.2222222222222223,1.0,1.3333333333333333,(0.0008802627184613001-0.0021540801888087946j),(-0.07823682828158093-0.1775380869625495j)
1.2222222222222223,1.0,1.4444444444444444,(-0.0019495399567524357-0.000769100408245241j),(-0.17283690932482804+0.07840947435090001j)
1.2222222222222223,1.0,1.5555555555555556,(-0.000549629306634042+0.0018042703669453033j),(0.08966333623120096+0.1622925361345607j)
1.2222222222222223,1.0,1.6666666666666665,(0.0016770329782701751+0.0002612368035698956j),(0.14460945870448047-0.10875771576058285j)
1.2222222222222223,1.0,1.7777777777777777,(-6.357918073589803e-05-0.0015265431969397625j),(-0.13137932107784211-0.11775617289039919j)
1.2222222222222223,1.0,1.8888888888888888,(-0.0013200226046707613+0.0003900194998562535j),(-0.08029529210616844+0.15201341472854707j)
1.2222222222222223,1.0,2.0,(0.0006777563965610292+0.001039998625847802j),(0.1642224463644294+0.032683545808706235j)
1.2222222222222223,1.1111111111111112,1.0,(-0.000755168989385227+0.0031485236567416848j),(0.1138566359839996+0.15943881895650208j)
1.2222222222222223,1.1111111111111112,1.1111111111111112,(0.0025703414285594356+0.0014570476180769528j),(0.182154078517206-0.06421690620546405j)
1.2222222222222223,1.1111111111111112,1.2222222222222223,(0.0017385729326435326-0.0020482666966511343j),(-0.028399496484557793-0.18787849579272964j)
1.2222222222222223,1.1111111111111112,1.3333333333333333,(-0.0016835736775189718-0.0017615600018588812j),(-0.18639769189220648+0.008402578749182705j)
1.2222222222222223,1.1111111111111112,1.4444444444444444,(-0.0016371778596624914+0.0014787882643561181j),(0.0029677496645579525+0.18290076931673063j)
1.2222222222222223,1.1111111111111112,1.5555555555555556,(0.0013966925417685798+0.001425052119598313j),(0.1788008759593842-0.010088341835562172j)
1.2222222222222223,1.1111111111111112,1.6666666666666665,(0.001151592204711266-0.001388528713506385j),(-0.027707279561927013-0.17291719799607297j)
1.2222222222222223,1.1111111111111112,1.7777777777777777,(-0.0014047276565203742-0.000828690228336935j),(-0.1625191134380523+0.05346258879232783j)
1.2222222222222223,1.1111111111111112,1.8888888888888888,(-0.0004677254248789302+0.0013991099767948572j),(0.08410799077461575+0.144295718791988j)
1.2222222222222223,1.1111111111111112,2.0,(0.0013324816016367026+8.83009688880471e-05j),(0.11541013376503703-0.11504343702826511j)
1.2222222222222223,1.2222222222222223,1.0,(0.0029870708291287375+0.0013597297532638697j),(0.1671721788538158-0.08355111720459253j)
1.2222222222222223,1.2222222222222223,1.1111111111111112,(0.0020507848940803453-0.0022063801173412096j),(-0.026089684758292694-0.18277039118935479j)
1.2222222222222223,1.2222222222222223,1.2222222222222223,(-0.0015372487186557566-0.0022858313926500803j),(-0.18131578797696593-0.016016421729566105j)
1.2222222222222223,1.2222222222222223,1.3333333333333333,(-0.0022662650169440264+0.0010838853914694377j),(-0.041540196188488615+0.1742451148732994j)
1.2222222222222223,1.2222222222222223,1.4444444444444444,(0.0008412245783682887+0.0021260272090027586j),(0.1679548818412267+0.05257533674234938j)
1.2222222222222223,1.2222222222222223,1.5555555555555556,(0.0019321855002783438-0.0007653822053309215j),(0.051517524949337166-0.1647967352953148j)
1.2222222222222223,1.2222222222222223,1.6666666666666665,(-0.0008056196820699481-0.0017071420750612916j),(-0.16436887926618934-0.04008832247877074j)
1.2222222222222223,1.2222222222222223,1.7777777777777777,(-0.001450275900430789+0.0009138416265790882j),(-0.019476912727244472+0.16446274715921427j)
1.2222222222222223,1.2222222222222223,1.8888888888888888,(0.001045065613448813+0.001153990745597443j),(0.1617250286071319-0.00902670837810932j)
1.2222222222222223,1.2222222222222223,2.0,(0.0008147886174643654-0.0011565088770388405j),(-0.04327814565685951-0.1522851798217006j)
1.2222222222222223,1.3333333333333333,1.0,(0.001650948892018831-0.002840034077865869j),(-0.06776653750723785-0.16467443472974488j)
1.2222222222222223,1.3333333333333333,1.1111111111111112,(-0.0019099016132918382-0.002354660799915641j),(-0.17619417853758837+0.005016302343551049j)
1.2222222222222223,1.3333333333333333,1.2222222222222223,(-0.0025568627498778747+0.0011109773786073243j),(-0.04179405628031077+0.16905249889511814j)
1.2222222222222223,1.3333333333333333,1.3333333333333333,(0.0005631511927285215+0.0024931355041824923j),(0.15614317462421717+0.07149957106790353j)
1.2222222222222223,1.3333333333333333,1.4444444444444444,(0.0023238159426373734-0.00025969501326212924j),(0.08687893401192942-0.1450552785981108j)
1.2222222222222223,1.3333333333333333,1.5555555555555556,(-0.00015104824226521465-0.0021305230378681848j),(-0.1390821141287572-0.09103733884954965j)
1.2222222222222223,1.3333333333333333,1.6666666666666665,(-0.0019403673616711693+0.00018397742907736955j),(-0.08604428007211443+0.13868810553824795j)
1.2222222222222223,1.3333333333333333,1.7777777777777777,(0.0003129118818059295+0.0017499516555572556j),(0.14254179587155072+0.07284003978519843j)
1.2222222222222223,1.3333333333333333,1.8888888888888888,(0.001542546035264536-0.0004989778772880278j),(0.051728080033382695-0.14807803736149355j)
1.2222222222222223,1.3333333333333333,2.0,(-0.000705854159325285-0.0012995703645361815j),(-0.15183299356837338-0.02309995818475366j)
1.2222222222222223,1.4444444444444444,1.0,(-0.0027844717058440023-0.0016844680253980619j),(-0.15664509218167044+0.06489907424619673j)
1.2222222222222223,1.4444444444444444,1.1111111111111112,(-0.0024509930118395418+0.001763363645680144j),(-0.0014716679190335186+0.16814685574113128j)
1.2222222222222223,1.4444444444444444,1.2222222222222223,(0.0008537736472104945+0.002657147014790995j),(0.15800179236647993+0.05237139232091448j)
1.2222222222222223,1.4444444444444444,1.3333333333333333,(0.002563455441498776-0.00020970778241643704j),(0.08569160007089496-0.14040056883333413j)
1.2222222222222223,1.4444444444444444,1.4444444444444444,(0.00016700197458999614-0.0023588443084765435j),(-0.12421233901815457-0.10442180345605548j)
1.2222222222222223,1.4444444444444444,1.5555555555555556,(-0.0021453313745779545-0.0003290951093691038j),(-0.11236027079123634+0.11370318706706037j)
1.2222222222222223,1.4444444444444444,1.6666666666666665,(-0.0003342326759599115+0.001961411018547789j),(0.110128686217431+0.11226398111173114j)
1.2222222222222223,1.4444444444444444,1.7777777777777777,(0.0018082435259072745+0.00022866577277357462j),(0.1054583663246891-0.1129583074743107j)
1.2222222222222223,1.4444444444444444,1.8888888888888888,(4.710900136482996e-05-0.0016683842071882828j),(-0.12052378945028636-0.0921312084975569j)
1.2222222222222223,1.4444444444444444,2.0,(-0.0015175132330894807+0.00018191236617284248j),(-0.07190866321356233+0.13027197234828491j)
1.2222222222222223,1.5555555555555556,1.0,(-0.0015009677573553783+0.0028228886130971624j),(0.07211575089049399+0.14439148862794152j)
1.2222222222222223,1.5555555555555556,1.1111111111111112,(0.0017795578863951571+0.0023916726340783697j),(0.16030322349194276-0.003690014694912127j)
1.2222222222222223,1.5555555555555556,1.2222222222222223,(0.002656330771306599-0.0007827697369708591j),(0.051230901757816034-0.15054245846204606j)
1.2222222222222223,1.5555555555555556,1.3333333333333333,(-4.2071500863265045e-05-0.0025642558383571733j),(-0.13027388163204615-0.08840625929053811j)
1.2222222222222223,1.5555555555555556,1.4444444444444444,(-0.002332275898663344-0.00041698705384448373j),(-0.1103004076257707+0.10978106241450408j)
1.2222222222222223,1.5555555555555556,1.5555555555555556,(-0.0006440509506053883+0.0020875831259297463j),(0.0944588253923738+0.12111758706391271j)
1.2222222222222223,1.5555555555555556,1.6666666666666665,(0.0018854742674310233+0.0007013303137778328j),(0.12434839812739201-0.08635774394218292j)
1.2222222222222223,1.5555555555555556,1.7777777777777777,(0.0006392182839704778-0.0017367466906962558j),(-0.08560595048364726-0.12200774090110668j)
1.2222222222222223,1.5555555555555556,1.8888888888888888,(-0.0016286540524779584-0.0004926774394209259j),(-0.11470898782947+0.09125153869577352j)
1.2222222222222223,1.5555555555555556,2.0,(-0.0002859103287138875+0.0015377341339049152j),(0.10159963093511806+0.10207679495142413j)
1.2222222222222223,1.6666666666666665,1.0,(0.002910567821980902+0.0011235493281739686j),(0.1272378379170909-0.0861048118550582j)
1.2222222222222223,1.6666666666666665,1.1111111111111112,(0.0021936357119747662-0.0019312751518662176j),(-0.01788190218431944-0.15183243511633782j)
1.2222222222222223,1.6666666666666665,1.2222222222222223,(-0.0008825186731441161-0.00258100845574222j),(-0.14627609242498515-0.040878757428351495j)
1.2222222222222223,1.6666666666666665,1.3333333333333333,(-0.002537441432290528+4.8952468660740365e-05j),(-0.08257710377919439+0.1259883481200687j)
1.2222222222222223,1.6666666666666665,1.4444444444444444,(-0.0005010348857957481+0.0023014476111857373j),(0.10268987274507085+0.10819853586041378j)
1.2222222222222223,1.6666666666666665,1.5555555555555556,(0.002028362523958358+0.0008030529737668711j),(0.12183635549552455-0.0831395519948837j)
1.2222222222222223,1.6666666666666665,1.6666666666666665,(0.0009205055530163294-0.0017952247348482523j),(-0.0703328227543644-0.12754211194542137j)
1.2222222222222223,1.6666666666666665,1.7777777777777777,(-0.0016266976193384237-0.0009093991045717178j),(-0.12808292316198439+0.06502792864769123j)
1.2222222222222223,1.6666666666666665,1.8888888888888888,(-0.0008088459741437956+0.0015182373911922092j),(0.0668109291552338+0.12474916191656323j)
1.2222222222222223,1.6666666666666665,2.0,(0.0014509865094784434+0.0006433632596481987j),(0.11760837939487102-0.0746135876723309j)
1.2222222222222223,1.7777777777777777,1.0,(0.0005721869299576927-0.002973702024671512j),(-0.10307222537898394-0.10380016152537427j)
1.2222222222222223,1.7777777777777777,1.1111111111111112,(-0.0021655570544393114-0.0018514288919948742j),(-0.14058149997698366+0.038599318545498425j)
1.2222222222222223,1.7777777777777777,1.2222222222222223,(-0.002424346731510969+0.0011205582538753767j),(-0.023013530409295824+0.14322406104235297j)
1.2222222222222223,1.7777777777777777,1.3333333333333333,(0.00020903400255658722+0.002487109855696381j),(0.12609567953843773+0.06977749140346654j)
1.2222222222222223,1.7777777777777777,1.4444444444444444,(0.0022848969145114664+0.0004375702185786778j),(0.10009764051544184-0.10206103897993639j)
1.2222222222222223,1.7777777777777777,1.5555555555555556,(0.0008254721339855857-0.002000288296468822j),(-0.07942926904230486-0.11722046227634127j)
1.2222222222222223,1.7777777777777777,1.6666666666666665,(-0.0017361838404816496-0.0010116940461565279j),(-0.12539544443484585+0.062394572765720684j)
1.2222222222222223,1.7777777777777777,1.7777777777777777,(-0.0010562660107030315+0.001535399222469729j),(0.05247047688495153+0.12803475305229772j)
1.2222222222222223,1.7777777777777777,1.8888888888888888,(0.0014046804461920373+0.0010044207059151159j),(0.1271655065471385-0.049731343919041215j)
1.2222222222222223,1.7777777777777777,2.0,(0.0008847519363346742-0.0013320805789696476j),(-0.053546332295959134-0.12349928005990998j)
1.2222222222222223,1.8888888888888888,1.0,(-0.00292445478144526+0.0001174612883348263j),(-0.07309752172845345+0.11863428291276015j)
1.2222222222222223,1.8888888888888888,1.1111111111111112,(-0.00135554947638041+0.002409655631096564j),(0.06295928008116838+0.12399447448757261j)
1.2222222222222223,1.8888888888888888,1.2222222222222223,(0.0014503852609608204+0.0021607243666843905j),(0.13857355717324166-0.0008726001981805393j)
1.2222222222222223,1.8888888888888888,1.3333333333333333,(0.002391187927937315-0.0004955128657447477j),(0.05076913524001825-0.12819708484128378j)
1.2222222222222223,1.8888888888888888,1.4444444444444444,(0.0002442741466575748-0.0022724425171998983j),(-0.10606782887507582-0.08669633378656894j)
1.2222222222222223,1.8888888888888888,1.5555555555555556,(-0.002006610718282367-0.0007277026895338895j),(-0.1083793856357316+0.08200815787858662j)
1.2222222222222223,1.8888888888888888,1.6666666666666665,(-0.0009935623606218318+0.0017241461960300574j),(0.06166396975516561+0.11970497749699195j)
1.2222222222222223,1.8888888888888888,1.7777777777777777,(0.0014901845427270522+0.0011006996496728007j),(0.12447177373140711-0.04754374830179339j)
1.2222222222222223,1.8888888888888888,1.8888888888888888,(0.0010998551980192731-0.00132625620551312j),(-0.040309912446966606-0.12537410577877323j)
1.2222222222222223,1.8888888888888888,2.0,(-0.0012295338545436916-0.0010257252642975941j),(-0.12381876716272586+0.03970905338838523j)
1.2222222222222223,2.0,1.0,(0.0008786988938065823+0.002678890059469267j),(0.12798731699460086+0.03551148755830612j)
1.2222222222222223,2.0,1.1111111111111112,(0.002576716672712646+0.000711575607391734j),(0.09995284623032505-0.08731227865286284j)
1.2222222222222223,2.0,1.2222222222222223,(0.0017618221762808078-0.0018098287019517518j),(-0.028844319792357357-0.1292512754734601j)
1.2222222222222223,2.0,1.3333333333333333,(-0.0008727392460073676-0.0022134171542169522j),(-0.12933027451703571-0.026191105610091504j)
1.2222222222222223,2.0,1.4444444444444444,(-0.002234611033564482+6.0320445905836484e-05j),(-0.06803694536194439+0.11229043004026051j)
1.2222222222222223,2.0,1.5555555555555556,(-0.0005214065726304824+0.0020297710880172954j),(0.08902102911575124+0.09535929511991437j)
1.2222222222222223,2.0,1.6666666666666665,(0.0017536536066676332+0.0008778006777309033j),(0.11092215520029843-0.06672610920637975j)
1.2222222222222223,2.0,1.7777777777777777,(0.0010575049783095461-0.0014964933904336388j),(-0.04917762650440061-0.11848345568109303j)
1.2222222222222223,2.0,1.8888888888888888,(-0.0012983917613479004-0.001113157428042673j),(-0.12121674261897486+0.03783966509641156j)
1.2222222222222223,2.0,2.0,(-0.0010854539579963358+0.0011684305407685734j),(0.03291425763764344+0.12117678161334508j)
1.3333333333333333,1.0,1.0,(0.00041412619799564604+0.0027211943963679408j),(0.15571141215097373+0.11993746799875202j)
1.3333333333333333,1.0,1.1111111111111112,(0.0024909462881015304+0.00034461745485017973j),(0.157245760615833-0.11305768201662855j)
1.3333333333333333,1.0,1.2222222222222223,(0.0007500994637148187-0.0021628273271394826j),(-0.07846025580466584-0.1735390973431437j)
1.3333333333333333,1.0,1.3333333333333333,(-0.0018749326627602743-0.000897133412972835j),(-0.17803744287252138+0.0570291365757734j)
1.3333333333333333,1.0,1.4444444444444444,(-0.0008741736891379439+0.0016687227881668737j),(0.04918494678297121+0.17649472117110193j)
1.3333333333333333,1.0,1.5555555555555556,(0.0015359232193116372+0.0007414428238014152j),(0.1711642834970109-0.05347996204744628j)
1.3333333333333333,1.0,1.6666666666666665,(0.0005355512281545645-0.00144741650450099j),(-0.06772497764883506-0.16170648570798504j)
1.3333333333333333,1.0,1.7777777777777777,(-0.0013680182336254958-0.0002807661407650394j),(-0.14624026456763145+0.08909210397580278j)
1.3333333333333333,1.0,1.8888888888888888,(9.620703012072963e-07+0.001264208993939029j),(0.11381958812411823+0.12239944918799048j)
1.3333333333333333,1.0,2.0,(0.0011095555964470813-0.00028369886453853276j),(0.08843728159102471-0.13698561266025835j)
1.3333333333333333,1.1111111111111112,1.0,(0.0027923472759410406+0.0005723883561046593j),(0.15386517422215618-0.10897209150669046j)
1.3333333333333333,1.1111111111111112,1.1111111111111112,(0.001317842782174403-0.0022615576146368067j),(-0.0530628854921201-0.1783785655578314j)
1.3333333333333333,1.1111111111111112,1.2222222222222223,(-0.0017337494955784877-0.0016521105483657081j),(-0.18307362278537642+0.00988128886402137j)
1.3333333333333333,1.1111111111111112,1.3333333333333333,(-0.0017264692403381114+0.001339344808513962j),(-0.017497108973338456+0.17944835830539457j)
1.3333333333333333,1.1111111111111112,1.4444444444444444,(0.0011015209554140655+0.0016569439355227794j),(0.17443151011732608+0.030223322678134327j)
1.3333333333333333,1.1111111111111112,1.5555555555555556,(0.0015100756225168025-0.000996706283972749j),(0.03039713063670554-0.17090085966194946j)
1.3333333333333333,1.1111111111111112,1.6666666666666665,(-0.0009865654078532915-0.001315243975978236j),(-0.16884424031897896-0.01982803213618788j)
1.3333333333333333,1.1111111111111112,1.7777777777777777,(-0.0010811642695008246+0.0010305087549160362j),(2.1318568172899057e-06+0.16633813284869584j)
1.3333333333333333,1.1111111111111112,1.8888888888888888,(0.0010891928807994363+0.0008094725554193127j),(0.16029400578951516-0.02742079211811843j)
1.3333333333333333,1.1111111111111112,2.0,(0.0005044030299541282-0.001125720365923416j),(-0.05990009291338198-0.14716732393058524j)
1.3333333333333333,1.2222222222222223,1.0,(0.001263890246086503-0.002620129919844201j),(-0.07197978621553508-0.16557728339771643j)
1.3333333333333333,1.2222222222222223,1.1111111111111112,(-0.001846913463464923-0.0019486609473940866j),(-0.17831893808013238+0.00830333467569297j)
1.3333333333333333,1.2222222222222223,1.2222222222222223,(-0.0021816913764596147+0.0011553284399197167j),(-0.03944273791124099+0.1717045469218339j)
1.3333333333333333,1.2222222222222223,1.3333333333333333,(0.0006672986928303522+0.0021627994672999773j),(0.15889411443384013+0.06985946227467121j)
1.3333333333333333,1.2222222222222223,1.4444444444444444,(0.0020340075307123794-0.0003878224062360438j),(0.0856825504817745-0.14768640437550878j)
1.3333333333333333,1.2222222222222223,1.5555555555555556,(-0.0002787101303004495-0.0018707590226177148j),(-0.14149687694191998-0.09005532159302085j)
1.3333333333333333,1.2222222222222223,1.6666666666666665,(-0.0017006218604823302+0.0002948109556475163j),(-0.08510718430065334+0.1408441835476415j)
1.3333333333333333,1.2222222222222223,1.7777777777777777,(0.0003956582170322646+0.0015237054741715525j),(0.14441078957488496+0.0718373551950102j)
1.3333333333333333,1.2222222222222223,1.8888888888888888,(0.001327890883352696-0.0005457885073232164j),(0.05060250403455052-0.1496272610479304j)
1.3333333333333333,1.2222222222222223,2.0,(-0.000711865795117163-0.001099251364908291j),(-0.15302252188555424-0.0218428101912196j)
1.3333333333333333,1.3333333333333333,1.0,(-0.0024152925603246095-0.0016623600878112033j),(-0.16555530875869756+0.04901565601294875j)
1.3333333333333333,1.3333333333333333,1.1111111111111112,(-0.002292362206832215+0.0014628220474524117j),(-0.01913910107432055+0.16992403262410832j)
1.3333333333333333,1.3333333333333333,1.2222222222222223,(0.0006419738533350631+0.002429183463382158j),(0.15424152251215204+0.0692090532799966j)
1.3333333333333333,1.3333333333333333,1.3333333333333333,(0.0023133859462369302-7.471584156211889e-05j),(0.10069680068028469-0.13305005159733513j)
1.3333333333333333,1.3333333333333333,1.4444444444444444,(0.0002479690925375309-0.0021127602428142878j),(-0.11492012554221014-0.11761341053108802j)
1.3333333333333333,1.3333333333333333,1.5555555555555556,(-0.001914675283676115-0.0003785764370190884j),(-0.12424348353728487+0.10368465123279591j)
1.3333333333333333,1.3333333333333333,1.6666666666666665,(-0.00037050591194923437+0.001749791903184561j),(0.10025853480112215+0.12347820167726697j)
1.3333333333333333,1.3333333333333333,1.7777777777777777,(0.001616277527787776+0.0002651768349135972j),(0.11657627716198068-0.10391326964618658j)
1.3333333333333333,1.3333333333333333,1.8888888888888888,(9.302736293316296e-05-0.0014965007415027615j),(-0.11289474003075918-0.10354616167254532j)
1.3333333333333333,1.3333333333333333,2.0,(-0.0013672581034141068+0.00012109730839102867j),(-0.08376548965726491+0.12461737573340179j)
1.3333333333333333,1.4444444444444444,1.0,(-0.0018219742589005703+0.002287765478266775j),(0.039518558357291275+0.16016449841121216j)
1.3333333333333333,1.4444444444444444,1.1111111111111112,(0.0012132814286943978+0.0024401296461412404j),(0.16056718209214613+0.03158124149109595j)
1.3333333333333333,1.4444444444444444,1.2222222222222223,(0.002513286528435188-0.00028784794454465894j),(0.08344732258961346-0.13892363196871754j)
1.3333333333333333,1.4444444444444444,1.3333333333333333,(0.0003505672977730358-0.0023147459639473794j),(-0.1111029787864956-0.11545767308671527j)
1.3333333333333333,1.4444444444444444,1.4444444444444444,(-0.0020392278702803753-0.0007162607237518011j),(-0.13237736699224092+0.08659637457398085j)
1.3333333333333333,1.4444444444444444,1.5555555555555556,(-0.0008739698249966067+0.0017896699522804843j),(0.06969919701368128+0.13950529927520003j)
1.3333333333333333,1.4444444444444444,1.6666666666666665,(0.0016037023086909832+0.0008873063715214259j),(0.140653573077418-0.061593158644280645j)
1.3333333333333333,1.4444444444444444,1.7777777777777777,(0.000802308906778873-0.0014818078403170194j),(-0.06189903154289139-0.1377496608647422j)
1.3333333333333333,1.4444444444444444,1.8888888888888888,(-0.00140630738634197-0.0006479887651111398j),(-0.13112024580488657+0.06946767448599753j)
1.3333333333333333,1.4444444444444444,2.0,(-0.0004426741118522316+0.0013519272484828222j),(0.08260664921895858+0.11999269488184382j)
1.3333333333333333,1.5555555555555556,1.0,(0.002271294202784358+0.0017904937057854368j),(0.15202800675099887-0.04128760235491114j)
1.3333333333333333,1.5555555555555556,1.1111111111111112,(0.0024601252152931788-0.0011290770747051685j),(0.03207306191726014-0.15318642030234747j)
1.3333333333333333,1.5555555555555556,1.2222222222222223,(-0.00011524501819752881-0.0025213582233511965j),(-0.129024910224727-0.08632985945262756j)
1.3333333333333333,1.5555555555555556,1.3333333333333333,(-0.00226943776769783-0.0005952827268247888j),(-0.1195371499437623+0.09669304692668487j)
1.3333333333333333,1.5555555555555556,1.4444444444444444,(-0.0010086830756896458+0.001927501967398276j),(0.06691125048054954+0.13652896284407992j)
1.3333333333333333,1.5555555555555556,1.5555555555555556,(0.0016187374196208486+0.0011968890333669394j),(0.14334596330166388-0.04468548950652958j)
1.3333333333333333,1.5555555555555556,1.6666666666666665,(0.0012342258665761405-0.0013917252151587826j),(-0.031500062985085786-0.14470208445592114j)
1.3333333333333333,1.5555555555555556,1.7777777777777777,(-0.0012520956309826172-0.0011747707302844637j),(-0.1433459343419256+0.027149433273730095j)
1.3333333333333333,1.5555555555555556,1.8888888888888888,(-0.0010507453458023566+0.0011847677949043882j),(0.030777181739661187+0.14024781993519606j)
1.3333333333333333,1.5555555555555556,2.0,(0.001166045282370476+0.0008786512475088346j),(0.13502609960180134-0.04125558172729409j)
1.3333333333333333,1.6666666666666665,1.0,(0.0015934862383574695-0.0023507685966613614j),(-0.0517403722871355-0.14122208016026505j)
1.3333333333333333,1.6666666666666665,1.1111111111111112,(-0.001201535807592342-0.0023833729656979174j),(-0.1478417805474662-0.023098834724743427j)
1.3333333333333333,1.6666666666666665,1.2222222222222223,(-0.0024967206213081417+0.00011477767509200515j),(-0.08073180675149609+0.12481781834645192j)
1.3333333333333333,1.6666666666666665,1.3333333333333333,(-0.000674926443267854+0.002233399117861784j),(0.09029407733380165+0.11657409480930955j)
1.3333333333333333,1.6666666666666665,1.4444444444444444,(0.0018443869451146653+0.0011478724287175548j),(0.13466897887871898-0.05653558749953642j)
1.3333333333333333,1.6666666666666665,1.5555555555555556,(0.0013744193446411546-0.0014783495111595217j),(-0.029653422971294266-0.1413957424149907j)
1.3333333333333333,1.6666666666666665,1.6666666666666665,(-0.0011997966978897598-0.0014376597513038065j),(-0.14224740795337504+0.011660168828426727j)
1.3333333333333333,1.6666666666666665,1.7777777777777777,(-0.001401618010330514+0.0010224983346482333j),(0.002521295756744058+0.1408125405425066j)
1.3333333333333333,1.6666666666666665,1.8888888888888888,(0.0009354543658116342+0.0013055191802833041j),(0.13881827224814686-0.001469597808205313j)
1.3333333333333333,1.6666666666666665,2.0,(0.0011686768329626667-0.0009177145947970332j),(-0.007602797905710203-0.13650783869577257j)
1.3333333333333333,1.7777777777777777,1.0,(-0.0024797678284508673-0.0012404003419945507j),(-0.1264275091316785+0.0680874551941614j)
1.3333333333333333,1.7777777777777777,1.1111111111111112,(-0.002209939565567305+0.0014001366392639397j),(-0.006542421040482328+0.1429045229316718j)
1.3333333333333333,1.7777777777777777,1.2222222222222223,(0.00026581086797058435+0.002445153224345461j),(0.12490618802338929+0.06820526451123032j)
1.3333333333333333,1.7777777777777777,1.3333333333333333,(0.002223239459085205+0.0006092994745407904j),(0.10836086662711092-0.09080611602095809j)
1.3333333333333333,1.7777777777777777,1.4444444444444444,(0.0011586121600191991-0.001816995370500448j),(-0.05454743425266041-0.12920968903836053j)
1.3333333333333333,1.7777777777777777,1.5555555555555556,(-0.00140468088930206-0.0014379505455495128j),(-0.13689735556307053+0.023781559701405434j)
1.3333333333333333,1.7777777777777777,1.6666666666666665,(-0.0015340852810323937+0.0010726495833474404j),(0.0014232450387690813+0.1374745167476236j)
1.3333333333333333,1.7777777777777777,1.7777777777777777,(0.0008469548387478777+0.0015208458345829206j),(0.13532273008394227+0.012213583647466966j)
1.3333333333333333,1.7777777777777777,1.8888888888888888,(0.0014468192364604936-0.000722560050099464j),(0.01783871506555883-0.13294825837044133j)
1.3333333333333333,1.7777777777777777,2.0,(-0.0006816986154011996-0.0013376760467562012j),(-0.13128957394689514-0.01633726009735614j)
1.3333333333333333,1.8888888888888888,1.0,(-0.0007393272117528933+0.002591070353354572j),(0.08710751237737994+0.10591090861368727j)
1.3333333333333333,1.8888888888888888,1.1111111111111112,(0.0016780632213842775+0.0019222902210768392j),(0.13586080724231017-0.015840502669233564j)
1.3333333333333333,1.8888888888888888,1.2222222222222223,(0.00234626115456003-0.0005416304934712827j),(0.049508232888180126-0.12694070718605732j)
1.3333333333333333,1.8888888888888888,1.3333333333333333,(0.0004151110057611173-0.0022270632834439814j),(-0.09633261933013475-0.09535387311635588j)
1.3333333333333333,1.8888888888888888,1.4444444444444444,(-0.001844252270914878-0.0010571685314503913j),(-0.12084758457915312+0.05940189328032528j)
1.3333333333333333,1.8888888888888888,1.5555555555555556,(-0.001408797305069831+0.0014059918419077337j),(0.02567467935425099+0.1311113907335382j)
1.3333333333333333,1.8888888888888888,1.6666666666666665,(0.0010262130475987767+0.0015515557713299032j),(0.13238696928694266+0.0005854327692676263j)
1.3333333333333333,1.8888888888888888,1.7777777777777777,(0.0015663760185801246-0.000748655611456716j),(0.018392815759531802-0.12973539587417282j)
1.3333333333333333,1.8888888888888888,1.8888888888888888,(-0.0005774015558339203-0.0015119253965782385j),(-0.12643009164562588-0.02826609094288905j)
1.3333333333333333,1.8888888888888888,2.0,(-0.0014225354429594854+0.0004989036933836803j),(-0.031120385083997525+0.1241191412738746j)
1.3333333333333333,2.0,1.0,(0.002606257764900282+0.00011340586402523508j),(0.0784079674730154-0.1049563497871421j)
1.3333333333333333,2.0,1.1111111111111112,(0.0015008963566909344-0.0019729002200483837j),(-0.04185996627258716-0.12394558371826922j)
1.3333333333333333,2.0,1.2222222222222223,(-0.000906565062912924-0.002165405952869192j),(-0.12800477864082657-0.025279440779828674j)
1.3333333333333333,2.0,1.3333333333333333,(-0.0022137664944814573-0.00010846110276295577j),(-0.07733082944707362+0.10445529141296678j)
1.3333333333333333,2.0,1.4444444444444444,(-0.0008515728493513234+0.0019055986662320033j),(0.06924400926646047+0.10918176132253889j)
1.3333333333333333,2.0,1.5555555555555556,(0.0014722024295368765+0.0012957385297232404j),(0.12391535953310227-0.0338309512627051j)
1.3333333333333333,2.0,1.6666666666666665,(0.001504263320785966-0.0010585494186079389j),(-0.004241626706419945-0.1273913922051386j)
1.3333333333333333,2.0,1.7777777777777777,(-0.0007319544374360591-0.0015592591667859274j),(-0.12512280154571573-0.017452510482498993j)
1.3333333333333333,2.0,1.8888888888888888,(-0.001528192814355016+0.0005101833586151152j),(-0.03130860770112774+0.12109881270749087j)
1.3333333333333333,2.0,2.0,(0.00038623483420451916+0.0014551019696662408j),(0.1176800440650985+0.03817158688168124j)
1.4444444444444444,1.0,1.0,(0.0022945471137125794-0.0007486652528514435j),(0.09659787132517358-0.16164072317419226j)
1.4444444444444444,1.0,1.1111111111111112,(4.6729909658960475e-05-0.0022192287620153546j),(-0.1186481512550899-0.14303595087965298j)
1.4444444444444444,1.0,1.2222222222222223,(-0.001962438778806325-0.000534468275454586j),(-0.16525919356145438+0.07874032330685783j)
1.4444444444444444,1.0,1.3333333333333333,(-0.0007693088897356148+0.0016917125161203814j),(0.04992119117581941+0.17294540804640718j)
1.4444444444444444,1.0,1.4444444444444444,(0.001478124724185897+0.0008286993132162048j),(0.1734032657988108-0.034131989031553164j)
1.4444444444444444,1.0,1.5555555555555556,(0.0007736389923829732-0.0013350768507047377j),(-0.030662818322258964-0.1705465814006214j)
1.4444444444444444,1.0,1.6666666666666665,(-0.0012480287333295624-0.0006428982289756579j),(-0.1654130417990894+0.03792329572726437j)
1.4444444444444444,1.0,1.7777777777777777,(-0.0004595722053676557+0.001191281093021361j),(0.05396709861063584+0.15702879014624566j)
1.4444444444444444,1.0,1.8888888888888888,(0.0011363715695850737+0.0002397809367098564j),(0.14326379751280016-0.07634424021495571j)
1.4444444444444444,1.0,2.0,(-2.6860192159124376e-07-0.0010567943406293405j),(-0.10173708963475937-0.12168798519120308j)
1.4444444444444444,1.1111111111111112,1.0,(0.00023380758030768303-0.002500776121574836j),(-0.11486753949215964-0.14027607038129142j)
1.4444444444444444,1.1111111111111112,1.1111111111111112,(-0.0020762070427873228-0.0010356634202904344j),(-0.170396755043079+0.05539918266340925j)
1.4444444444444444,1.1111111111111112,1.2222222222222223,(-0.0014416252570695822+0.0015751889298002437j),(0.005960961729053639+0.17665207849471565j)
1.4444444444444444,1.1111111111111112,1.3333333333333333,(0.001162269792454033+0.0015774710105334387j),(0.1717653067975791+0.028232547969696417j)
1.4444444444444444,1.1111111111111112,1.4444444444444444,(0.0015593466838461569-0.0008871550746602303j),(0.04771002316259304-0.16438482661460885j)
1.4444444444444444,1.1111111111111112,1.5555555555555556,(-0.000742694912477452-0.0014622627915264388j),(-0.15894064811055353-0.054697188344710296j)
1.4444444444444444,1.1111111111111112,1.6666666666666665,(-0.0013236079981058268+0.0007009810881952688j),(-0.051215017669120996+0.15671637152495216j)
1.4444444444444444,1.1111111111111112,1.7777777777777777,(0.000729587634227449+0.0011561106258466086j),(0.15687632421568232+0.038609679324024385j)
1.4444444444444444,1.1111111111111112,1.8888888888888888,(0.000960177627447377-0.0007965952258730673j),(0.017829613536866247-0.15717071724720227j)
1.4444444444444444,1.1111111111111112,2.0,(-0.000871248420464124-0.0007333145714176143j),(-0.15444454142303682+0.009979235663988192j)
1.4444444444444444,1.2222222222222223,1.0,(-0.0023799046533521102-0.0009921520840309977j),(-0.15825756392821913+0.07289818607830538j)
1.4444444444444444,1.2222222222222223,1.1111111111111112,(-0.0017128969744619345+0.0016700473902415852j),(0.0046718790935808725+0.1723679548596989j)
1.4444444444444444,1.2222222222222223,1.2222222222222223,(0.0009816254328657735+0.0019814578048513885j),(0.16337992079385832+0.04823152917207907j)
1.4444444444444444,1.2222222222222223,1.3333333333333333,(0.001983838617648792-0.0004659625683642662j),(0.08313963397408783-0.1460129361144897j)
1.4444444444444444,1.2222222222222223,1.4444444444444444,(-0.0001467258999938912-0.0018678509432135783j),(-0.12959501289129935-0.10290626728549926j)
1.4444444444444444,1.2222222222222223,1.5555555555555556,(-0.001719633701219532-5.402098816357409e-06j),(-0.11138872916656134+0.11867657095515613j)
1.4444444444444444,1.2222222222222223,1.6666666666666665,(-3.107015921988998e-05+0.0015761331834373109j),(0.11464792254723219+0.11145865167862173j)
1.4444444444444444,1.2222222222222223,1.7777777777777777,(0.001443701056284321-3.3619644256836415e-05j),(0.10455346648373037-0.11701745451460666j)
1.4444444444444444,1.2222222222222223,1.8888888888888888,(-0.00015941497507001434-0.0013127540884825739j),(-0.12410558709523638-0.09095653959358785j)
1.4444444444444444,1.2222222222222223,2.0,(-0.001167593922327566+0.0003211039268009299j),(-0.07037711095019997+0.13332904333643114j)
1.4444444444444444,1.3333333333333333,1.0,(-0.0014801593170575866+0.0021559945336953046j),(0.04316853220993167+0.1615375874335337j)
1.4444444444444444,1.3333333333333333,1.1111111111111112,(0.0012367767746409215+0.0020995948176124116j),(0.16312674276663863+0.02907863792034418j)
1.4444444444444444,1.3333333333333333,1.2222222222222223,(0.0022234781165101987-0.00041597533751857376j),(0.08209174002296121-0.14190487347247507j)
1.4444444444444444,1.3333333333333333,1.3333333333333333,(0.00016603497834681712-0.0020868378752490553j),(-0.11405231438919111-0.1149743927031271j)
1.4444444444444444,1.3333333333333333,1.4444444444444444,(-0.0018642594267492948-0.0005096692211397197j),(-0.1324455772357972+0.0893181214019419j)
1.4444444444444444,1.3333333333333333,1.5555555555555556,(-0.0006661480381358307+0.0016516590834751322j),(0.07215184893863198+0.13985481876217365j)
1.4444444444444444,1.3333333333333333,1.6666666666666665,(0.001486631004807229+0.0006898255929022449j),(0.14108491292224795-0.06380449457380886j)
1.4444444444444444,1.3333333333333333,1.7777777777777777,(0.0006217351675935531-0.0013725227088271675j),(-0.06391326075286906-0.13812352770635145j)
1.4444444444444444,1.3333333333333333,1.8888888888888888,(-0.0012954033744887418-0.000488873367235375j),(-0.13134154713516627+0.07131770702117066j)
1.4444444444444444,1.3333333333333333,2.0,(-0.00030918914721529537+0.0012338914284608983j),(0.0843021311569061+0.11999899327024058j)
1.4444444444444444,1.4444444444444444,1.0,(0.001967927577163877+0.0017373395249776365j),(0.15804407876605675-0.02670722554368221j)
1.4444444444444444,1.4444444444444444,1.1111111111111112,(0.0022834919548744147-0.0009045426063001659j),(0.047457133118980796-0.15180815872218278j)
1.4444444444444444,1.4444444444444444,1.2222222222222223,(1.0982873739554094e-05-0.0022894599279988156j),(-0.12204674998607487-0.09969654946763276j)
1.4444444444444444,1.4444444444444444,1.3333333333333333,(-0.0020298133944554294-0.00063748357134359j),(-0.12986807106643244+0.08626773760714787j)
1.4444444444444444,1.4444444444444444,1.4444444444444444,(-0.0009921896872007246+0.0017043734325244463j),(0.054759158268732705+0.14396647184299005j)
1.4444444444444444,1.4444444444444444,1.5555555555555556,(0.0014197635489447559+0.0011458250082856023j),(0.14858084008059466-0.031920702041743104j)
1.4444444444444444,1.4444444444444444,1.6666666666666665,(0.0011673082716482021-0.0012155881774411881j),(-0.018746800004121336-0.14858312242083233j)
1.4444444444444444,1.4444444444444444,1.7777777777777777,(-0.0010939640532063527-0.0011052525147319512j),(-0.14668667825284826+0.014734903780639033j)
1.4444444444444444,1.4444444444444444,1.8888888888888888,(-0.0009877600569672459+0.0010394902993927644j),(0.018904637564871072+0.14375000995656004j)
1.4444444444444444,1.4444444444444444,2.0,(0.0010297656662220612+0.000828595210243585j),(0.13925159034559537-0.030129029602651257j)
1.4444444444444444,1.5555555555555556,1.0,(0.0018156824996464773-0.0018778232890645668j),(-0.021998652840272255-0.1519537205141973j)
1.4444444444444444,1.5555555555555556,1.1111111111111112,(-0.0007221266076064387-0.002344932957484364j),(-0.14282623449092452-0.05360925940172423j)
1.4444444444444444,1.5555555555555556,1.2222222222222223,(-0.002280467273475694-0.0002690779322425055j),(-0.10587281673377216+0.10817388490460361j)
1.4444444444444444,1.5555555555555556,1.3333333333333333,(-0.0009355745395219213+0.0019273231137107041j),(0.06687963612567298+0.13422634673756978j)
1.4444444444444444,1.5555555555555556,1.4444444444444444,(0.0015117634767330597+0.0012997867420065077j),(0.14528328540346833-0.03014270666343207j)
1.4444444444444444,1.5555555555555556,1.5555555555555556,(0.0014473457010861425-0.0011546761881298909j),(-0.002612325194020479-0.14659298427689468j)
1.4444444444444444,1.5555555555555556,1.6666666666666665,(-0.0009002729104540042-0.0014616745088976623j),(-0.1439350402090806-0.014887124495955403j)
1.4444444444444444,1.5555555555555556,1.7777777777777777,(-0.0014013232152231799+0.0007507121335801962j),(-0.02313138212602451+0.1407713294920409j)
1.4444444444444444,1.5555555555555556,1.8888888888888888,(0.0006899016741857852+0.0012991114799244161j),(0.13857360716729103+0.023230419537868766j)
1.4444444444444444,1.5555555555555556,2.0,(0.0011688648991001061-0.0006957881830835916j),(0.01613805902556812-0.13732396048009432j)
1.4444444444444444,1.6666666666666665,1.0,(-0.0018961693802012174-0.0017498684211336125j),(-0.1445288728740141+0.026902128716942045j)
1.4444444444444444,1.6666666666666665,1.1111111111111112,(-0.0023314726570447713+0.000694725335848386j),(-0.05023976837084734+0.13735171651804795j)
1.4444444444444444,1.6666666666666665,1.2222222222222223,(-0.0003646745788915273+0.0022562063687132147j),(0.10130062266791462+0.10416411241991907j)
1.4444444444444444,1.6666666666666665,1.3333333333333333,(0.0018476579594427533+0.0010806746786964382j),(0.13257621053759-0.05661380357103102j)
1.4444444444444444,1.6666666666666665,1.4444444444444444,(0.0014653110649211836-0.0013604612386874863j),(-0.01587691744625211-0.1419508958408297j)
1.4444444444444444,1.6666666666666665,1.5555555555555556,(-0.0009354814282359425-0.0016120405987417046j),(-0.1404903754444758-0.015534945215782754j)
1.4444444444444444,1.6666666666666665,1.6666666666666665,(-0.0016174499431810974+0.0006260121153863459j),(-0.03669163216437972+0.13480232923429947j)
1.4444444444444444,1.6666666666666665,1.7777777777777777,(0.0004363295439316899+0.0015515915385640735j),(0.1290898287418267+0.048597539461492194j)
1.4444444444444444,1.6666666666666665,1.8888888888888888,(0.0014548838033516106-0.0003499338971336682j),(0.05265001076320784-0.12544876660812432j)
1.4444444444444444,1.6666666666666665,2.0,(-0.00034470473112842347-0.0013448223523283937j),(-0.12441830187602754-0.04994999265083713j)
1.4444444444444444,1.7777777777777777,1.0,(-0.0015536156244648526+0.00200107097174164j),(0.03922689591482306+0.13515959847621223j)
1.4444444444444444,1.7777777777777777,1.1111111111111112,(0.0008064696831031198+0.0022573531823838026j),(0.134585713792935+0.039180159799650685j)
1.4444444444444444,1.7777777777777777,1.2222222222222223,(0.0022381233706246406+0.0003145544320850034j),(0.09650004985385008-0.10064649161971695j)
1.4444444444444444,1.7777777777777777,1.3333333333333333,(0.0010968061719139866-0.0018194394157384057j),(-0.05460120652361526-0.1273061940543515j)
1.4444444444444444,1.7777777777777777,1.4444444444444444,(-0.0012839477789056354-0.0015226791755139565j),(-0.13701043271015328+0.010836411287203154j)
1.4444444444444444,1.7777777777777777,1.5555555555555556,(-0.0016832384786396124+0.0007990400258745448j),(-0.023978245033576623+0.13406762081078716j)
1.4444444444444444,1.7777777777777777,1.6666666666666665,(0.0004334354243181693+0.001685109789407842j),(0.12582290014988504+0.04838230535425705j)
1.4444444444444444,1.7777777777777777,1.7777777777777777,(0.001610476698401437-0.0001971979195511859j),(0.0634040254028545-0.11723483569067573j)
1.4444444444444444,1.7777777777777777,1.8888888888888888,(-7.448765304829972e-05-0.001509484597600788j),(-0.11103231983390315-0.07072435812997369j)
1.4444444444444444,1.7777777777777777,2.0,(-0.0014059843782196564+4.251231907314398e-05j),(-0.07175412931639011+0.10829229862709919j)
1.4444444444444444,1.8888888888888888,1.0,(0.0021488250325494796+0.0012281799991895358j),(0.12225161076663654-0.056639210513421856j)
1.4444444444444444,1.8888888888888888,1.1111111111111112,(0.0021122670970091717-0.0010292940531964904j),(0.02167655928286008-0.1325805260355053j)
1.4444444444444444,1.8888888888888888,1.2222222222222223,(0.00013633274286910328-0.0022188415534999954j),(-0.10447416523766605-0.08357589424391756j)
1.4444444444444444,1.8888888888888888,1.3333333333333333,(-0.0018428344802048796-0.0010003480751594386j),(-0.1191168107881623+0.059339163325237025j)
1.4444444444444444,1.8888888888888888,1.4444444444444444,(-0.0014935709039266857+0.0012886823881814674j),(0.013533523973895536+0.13151424893345232j)
1.4444444444444444,1.8888888888888888,1.5555555555555556,(0.0007555561441910464+0.0016906231548873144j),(0.12889403290075366+0.024417551868377185j)
1.4444444444444444,1.8888888888888888,1.6666666666666665,(0.0017024165613684183-0.00033512204322024323j),(0.05199566860239073-0.11917255459416679j)
1.4444444444444444,1.8888888888888888,1.7777777777777777,(-4.8706295414929306e-05-0.001622583914237346j),(-0.1080858834117613-0.069914490062784j)
1.4444444444444444,1.8888888888888888,1.8888888888888888,(-0.0015124688054555429-0.00011631129986085681j),(-0.0799969811890263+0.09904420173188183j)
1.4444444444444444,1.8888888888888888,2.0,(-0.00018314699418203476+0.0014043428556404975j),(0.09366490716687068+0.08398353480369376j)
1.4444444444444444,2.0,1.0,(0.0007754438575295339-0.002279985104116522j),(-0.07636898416672384-0.10398485379073005j)
1.4444444444444444,2.0,1.1111111111111112,(-0.00132364076519314-0.0018729041839663722j),(-0.12876417099438753+0.0010743475794837021j)
1.4444444444444444,2.0,1.2222222222222223,(-0.0021715308429925686+0.0001508752384271208j),(-0.06544968890601499+0.11044446048389252j)
1.4444444444444444,2.0,1.3333333333333333,(-0.0007998676322142292+0.001898297129759907j),(0.06900605155477196+0.10762382632087095j)
1.4444444444444444,2.0,1.4444444444444444,(0.0013638287351921772+0.001385799412201827j),(0.1251578757591667-0.022503335820236253j)
1.4444444444444444,2.0,1.5555555555555556,(0.0016470920275786225-0.0008001704285125874j),(0.01826128757128452-0.12501276607131823j)
1.4444444444444444,2.0,1.6666666666666665,(-0.0003292189234844763-0.0016895721824373537j),(-0.11534621207866241-0.04914039600710819j)
1.4444444444444444,2.0,1.7777777777777777,(-0.0016155595874688552-9.486163912934519e-06j),(-0.07008503948274158+0.10264384319157341j)
1.4444444444444444,2.0,1.8888888888888888,(-0.0002210434903194062+0.0014981824653320518j),(0.0910706755844466+0.08280025465290133j)
1.4444444444444444,2.0,2.0,(0.001379807053627018+0.0003274507621284973j),(0.08925949465714869-0.08283956174600716j)
1.5555555555555556,1.0,1.0,(-0.0011020833728074483-0.0018148009513756485j),(-0.169019128571923-0.06299304677044565j)
1.5555555555555556,1.0,1.1111111111111112,(-0.0019386491632932819+0.00031908394384514826j),(-0.12062097576589985+0.1312776315290045j)
1.5555555555555556,1.0,1.2222222222222223,(-0.00023250751445285495+0.0017962951461831071j),(0.08927182165162749+0.15154988824320487j)
1.5555555555555556,1.0,1.3333333333333333,(0.001571299127488427+0.0005503013631731094j),(0.16439457113323525-0.05465403216111041j)
1.5555555555555556,1.0,1.4444444444444444,(0.0006888667369451794-0.001362625563139895j),(-0.031642293016500414-0.16741269100118394j)
1.5555555555555556,1.0,1.5555555555555556,(-0.0012071164526972185-0.0007051531014480557j),(-0.16606117102890477+0.02061149433998926j)
1.5555555555555556,1.0,1.6666666666666665,(-0.0006404988702161535+0.0011066081869280492j),(0.020474748415882517+0.16287594051178794j)
1.5555555555555556,1.0,1.7777777777777777,(0.0010463934692813031+0.0005204541086910922j),(0.1581078282747493-0.029746103563801536j)
1.5555555555555556,1.0,1.8888888888888888,(0.00036055115294290365-0.0010052633711635861j),(-0.04672675257099166-0.15045221390946845j)
1.5555555555555556,1.0,2.0,(-0.0009606498488356707-0.00017263008675899442j),(-0.13773685537828956+0.06925297477324821j)
1.5555555555555556,1.1111111111111112,1.0,(-0.0022096703761232453+0.00018500637602360286j),(-0.11862546069296033+0.12765521568593263j)
1.5555555555555556,1.1111111111111112,1.1111111111111112,(-0.0006648028576523576+0.001949486149452783j),(0.06825312237093781+0.1583350699602679j)
1.5555555555555556,1.1111111111111112,1.2222222222222223,(0.0015165641363691616+0.0011546432559796324j),(0.16973181000572501-0.013986788232188347j)
1.5555555555555556,1.1111111111111112,1.3333333333333333,(0.0013659008959461122-0.001107669501829701j),(0.02658873732608187-0.16583536069881177j)
1.5555555555555556,1.1111111111111112,1.4444444444444444,(-0.0008037807336047602-0.0014050002820365634j),(-0.1568357273521258-0.05250190287303734j)
1.5555555555555556,1.1111111111111112,1.5555555555555556,(-0.0013526411417909409+0.0006182949499594329j),(-0.06573619174228926+0.1487763833591338j)
1.5555555555555556,1.1111111111111112,1.6666666666666665,(0.0005351814176725886+0.0012555026614349332j),(0.14429644967788507+0.06860140552246516j)
1.5555555555555556,1.1111111111111112,1.7777777777777777,(0.001133910082592132-0.0005295219790497169j),(0.0627290600287742-0.1436933045922273j)
1.5555555555555556,1.1111111111111112,1.8888888888888888,(-0.000575543735405419-0.0009922204731055997j),(-0.14570610010570123-0.049011361771869946j)
1.5555555555555556,1.1111111111111112,2.0,(-0.0008275606962771028+0.0006483750413669803j),(-0.027999611402680973+0.1479949966102716j)
1.5555555555555556,1.2222222222222223,1.0,(-0.0006130428947413906+0.00220374244464385j),(0.0835989788300439+0.14576277697546952j)
1.5555555555555556,1.2222222222222223,1.1111111111111112,(0.0016122804725258054+0.0013962983845996458j),(0.16595574211688696-0.012680648563891771j)
1.5555555555555556,1.2222222222222223,1.2222222222222223,(0.0017349999111441802-0.0009567352751448683j),(0.0452991136140858-0.15824239498228987j)
1.5555555555555556,1.2222222222222223,1.3333333333333333,(-0.0004250571649689742-0.0017849637926057606j),(-0.1384941398776675-0.08506330759096706j)
1.5555555555555556,1.2222222222222223,1.4444444444444444,(-0.0016937293886257069+6.855246198463053e-05j),(-0.10874981094383501+0.11771866627934316j)
1.5555555555555556,1.2222222222222223,1.5555555555555556,(-0.00012783636595546123+0.001557816672371432j),(0.10180318870046112+0.12059829882862438j)
1.5555555555555556,1.2222222222222223,1.6666666666666665,(0.0014254564094985734+0.00019903862670108465j),(0.12425642026660935-0.09305588740010177j)
1.5555555555555556,1.2222222222222223,1.7777777777777777,(0.00017859423636546997-0.0013119675866614892j),(-0.09169886350162121-0.12190311757946522j)
1.5555555555555556,1.2222222222222223,1.8888888888888888,(-0.0012138400081437403-9.289571809716588e-05j),(-0.11428753818727663+0.09678018298380905j)
1.5555555555555556,1.2222222222222223,2.0,(3.752817922197094e-05+0.0011184168168237945j),(0.10656021112248604+0.1011433047946292j)
1.5555555555555556,1.3333333333333333,1.0,(0.0020125217175720597+0.0011797318923635189j),(0.15440227677212293-0.0482876083984647j)
1.5555555555555556,1.3333333333333333,1.1111111111111112,(0.0018409256923342973-0.0011738548971959065j),(0.027322733479023975-0.15807708892935557j)
1.5555555555555556,1.3333333333333333,1.2222222222222223,(-0.0003705687942680032-0.0020018301928502536j),(-0.13483040565718568-0.0839689250095853j)
1.5555555555555556,1.3333333333333333,1.3333333333333333,(-0.0018790253469337511-0.00022496622004990023j),(-0.11905481595216127+0.1024186011577968j)
1.5555555555555556,1.3333333333333333,1.4444444444444444,(-0.0005930395019680893+0.001651480229787569j),(0.07211636999992532+0.1372707275786279j)
1.5555555555555556,1.3333333333333333,1.5555555555555556,(0.0014255657610734234+0.0007775191817571077j),(0.14474799609230807-0.04928108611458604j)
1.5555555555555556,1.3333333333333333,1.6666666666666665,(0.0008324251060571092-0.00124830746834871j),(-0.03556626088980119-0.14634943965438946j)
1.5555555555555556,1.3333333333333333,1.7777777777777777,(-0.0011301768431209325-0.0008003429189242751j),(-0.14495313148916078+0.030817337934791966j)
1.5555555555555556,1.3333333333333333,1.8888888888888888,(-0.0007086834067164013+0.0010626832483836167j),(0.0341649940295113+0.1416204452652889j)
1.5555555555555556,1.3333333333333333,2.0,(0.0010287159200019535+0.0005732485663613696j),(0.13602895619488303-0.04443892059208489j)
1.5555555555555556,1.4444444444444444,1.0,(0.0015225015427559833-0.0017968227138277565j),(-0.025166614546889433-0.15351621254852638j)
1.5555555555555556,1.4444444444444444,1.1111111111111112,(-0.0007883545049514996-0.002067002906505004j),(-0.14550977523155123-0.05173725630198013j)
1.5555555555555556,1.4444444444444444,1.2222222222222223,(-0.00206761843679648-0.00010723142696613769j),(-0.1052937616765115+0.1111381048813469j)
1.5555555555555556,1.4444444444444444,1.3333333333333333,(-0.0007277527526611414+0.0017893122449053563j),(0.06963210372009823+0.13461859198514403j)
1.5555555555555556,1.4444444444444444,1.4444444444444444,(0.0014369762018445124+0.0010800036598174376j),(0.14627736857185664-0.032495388245668035j)
1.5555555555555556,1.4444444444444444,1.5555555555555556,(0.0012338767352960813-0.0011244352684500018j),(-0.004562901927665714-0.14789065365441106j)
1.5555555555555556,1.4444444444444444,1.6666666666666665,(-0.0008963992897110555-0.0012618122075983194j),(-0.1453318239007919-0.013256755904916956j)
1.5555555555555556,1.4444444444444444,1.7777777777777777,(-0.0012163591505386664+0.000758272563396075j),(-0.021717888368818192+0.14213816805712032j)
1.5555555555555556,1.4444444444444444,1.8888888888888888,(0.0006975179391195117+0.0011279965880212112j),(0.13982991120460112+0.021940630921288j)
1.5555555555555556,1.4444444444444444,2.0,(0.0010104673438593465-0.0006951118774249637j),(0.014902191463925744-0.13841557226699752j)
1.5555555555555556,1.5555555555555556,1.0,(-0.00164533970480587-0.0016876018466007846j),(-0.14882017239232243+0.013815948830956375j)
1.5555555555555556,1.5555555555555556,1.1111111111111112,(-0.0021585867753573813+0.0005258575294493674j),(-0.06342709513230793+0.1343123623851631j)
1.5555555555555556,1.5555555555555556,1.2222222222222223,(-0.0004322568972740757+0.0020414238870486603j),(0.09292611942508364+0.11444761424268801j)
1.5555555555555556,1.5555555555555556,1.3333333333333333,(0.0016392401742199912+0.0010631428850667946j),(0.13892408566076078-0.045312371798064785j)
1.5555555555555556,1.5555555555555556,1.4444444444444444,(0.0013902634855315244-0.001181761496004388j),(-0.0035236133016257384-0.14461513846575658j)
1.5555555555555556,1.5555555555555556,1.5555555555555556,(-0.0007917874220084144-0.0015048326131524448j),(-0.1402975119997909-0.027825472580992675j)
1.5555555555555556,1.5555555555555556,1.6666666666666665,(-0.0014965055286365603+0.0005128736476836774j),(-0.048435351945583474+0.1326973032504849j)
1.5555555555555556,1.5555555555555556,1.7777777777777777,(0.00034559279935453496+0.0014285825431452435j),(0.1259266741428871+0.05971468801528944j)
1.5555555555555556,1.5555555555555556,1.8888888888888888,(0.001336631533632979-0.0002731245292002211j),(0.06326281729730215-0.12193676220176222j)
1.5555555555555556,1.5555555555555556,2.0,(-0.00027456283360726775-0.0012352984160087879j),(-0.1211392730783986-0.06023597003922322j)
1.5555555555555556,1.6666666666666665,1.0,(-0.0017168185114670694+0.0015918895236811943j),(0.012532258079539362+0.1429595871973961j)
1.5555555555555556,1.6666666666666665,1.1111111111111112,(0.0004053340686109151+0.0021769504116088403j),(0.12692800173786312+0.06536710320728509j)
1.5555555555555556,1.6666666666666665,1.2222222222222223,(0.001997009435607907+0.0006059292666572326j),(0.11569840250380198-0.08209216270063831j)
1.5555555555555556,1.6666666666666665,1.3333333333333333,(0.001253005540252147-0.0015081803563509277j),(-0.030581700875825776-0.13742476553996402j)
1.5555555555555556,1.6666666666666665,1.4444444444444444,(-0.000966816325274933-0.0015625443872864025j),(-0.13879234107216198-0.014486603440988375j)
1.5555555555555556,1.6666666666666665,1.5555555555555556,(-0.0016408743178340534+0.0005095549841118278j),(-0.048218224664070386+0.1294661978416442j)
1.5555555555555556,1.6666666666666665,1.6666666666666665,(0.0001824474024208729+0.0015933612773414171j),(0.11695883632454651+0.0706142767687625j)
1.5555555555555556,1.6666666666666665,1.7777777777777777,(0.0014947787821279971+1.7280776248896034e-05j),(0.08363714610342933-0.1059302618834532j)
1.5555555555555556,1.6666666666666665,1.8888888888888888,(0.00011092639561069485-0.0013874432802800018j),(-0.09871157595666238-0.08944317327479838j)
1.5555555555555556,1.6666666666666665,2.0,(-0.0012891494007808112-0.0001223189221750856j),(-0.08959932901732297+0.09605324098470959j)
1.5555555555555556,1.7777777777777777,1.0,(0.0016352638098661456+0.001633271774348618j),(0.1363645479771793-0.019440720135281933j)
1.5555555555555556,1.7777777777777777,1.1111111111111112,(0.002152076810315833-0.0004211399139270603j),(0.05967589509422896-0.123514003596599j)
1.5555555555555556,1.7777777777777777,1.2222222222222223,(0.0006442288614032383-0.0019708216010929022j),(-0.07845727458615909-0.11164013475042915j)
1.5555555555555556,1.7777777777777777,1.3333333333333333,(-0.0014353473597598157-0.001326702549454369j),(-0.13329792056635265+0.02473021731598122j)
1.5555555555555556,1.7777777777777777,1.4444444444444444,(-0.001639232045663316+0.0008307644018376015j),(-0.022926225242473775+0.1325730562573615j)
1.5555555555555556,1.7777777777777777,1.5555555555555556,(0.000314588874118585+0.0016951222736386372j),(0.11974225716094597+0.0587171903657335j)
1.5555555555555556,1.7777777777777777,1.6666666666666665,(0.001613407848008514+5.8663290240126506e-05j),(0.08250852500936091-0.10310255862834602j)
1.5555555555555556,1.7777777777777777,1.7777777777777777,(0.00029195086596415625-0.0014810993180942654j),(-0.08792169991281264-0.09659715305469094j)
1.5555555555555556,1.7777777777777777,1.8888888888888888,(-0.00134883877081691-0.00041035785641359296j),(-0.1036518598771709+0.076923324068863j)
1.5555555555555556,1.7777777777777777,2.0,(-0.00044154678906427184+0.001239259480191815j),(0.07113589717147589+0.10574125880006183j)
1.5555555555555556,1.8888888888888888,1.0,(0.0014428752201616952-0.001751914599635487j),(-0.03270799947892084-0.12808069433900615j)
1.5555555555555556,1.8888888888888888,1.1111111111111112,(-0.00055658755948289-0.002086978820036344j),(-0.12287108164527993-0.04760688269565597j)
1.5555555555555556,1.8888888888888888,1.2222222222222223,(-0.0019697533397525606-0.0005629462183230958j),(-0.10336279569630044+0.08082632805218465j)
1.5555555555555556,1.8888888888888888,1.3333333333333333,(-0.0013054366721621906+0.0014313899933891942j),(0.02644818615670634+0.12780289782145549j)
1.5555555555555556,1.8888888888888888,1.4444444444444444,(0.0007850572324598596+0.0016500121546384082j),(0.12752896217230028+0.023449256599450602j)
1.5555555555555556,1.8888888888888888,1.5555555555555556,(0.0017059503793752195-0.00021670681449406984j),(0.061498917146367564-0.11303907393089901j)
1.5555555555555556,1.8888888888888888,1.6666666666666665,(0.0002028678564012202-0.0016025856130611926j),(-0.09340625890847251-0.08689363920918353j)
1.5555555555555556,1.8888888888888888,1.7777777777777777,(-0.001439724373416453-0.00047182220352630654j),(-0.10194781685955473+0.07462861587695223j)
1.5555555555555556,1.8888888888888888,1.8888888888888888,(-0.0006170103790014357+0.0012780609997850296j),(0.05992054198390887+0.10970847060782096j)
1.5555555555555556,1.8888888888888888,2.0,(0.0011466941029684907+0.0006700362895366364j),(0.11273765675719569-0.050599699320748495j)
1.5555555555555556,2.0,1.0,(-0.0019022051789966692-0.001142752644468616j),(-0.11645052950102665+0.0503432722853297j)
1.5555555555555556,2.0,1.1111111111111112,(-0.0019659655425183368+0.000787543473844255j),(-0.029942515855318+0.1229852486245874j)
1.5555555555555556,2.0,1.2222222222222223,(-0.00037459024763206845+0.0019794814865204576j),(0.08745063646046608+0.09093799212031466j)
1.5555555555555556,2.0,1.3333333333333333,(0.001487951640751556+0.0011988794896829764j),(0.1208478006257872-0.03429427951245875j)
1.5555555555555556,2.0,1.4444444444444444,(0.0016082512544574913-0.00082558968421121j),(0.017436484179834393-0.12372088931482844j)
1.5555555555555556,2.0,1.5555555555555556,(-0.0002126288564304381-0.0016931881833773463j),(-0.10966784080850413-0.05816558698383771j)
1.5555555555555556,2.0,1.6666666666666665,(-0.0015874544628311491-0.0002550619923312825j),(-0.0857951065480943+0.08842858222399551j)
1.5555555555555556,2.0,1.7777777777777777,(-0.0005640853088349849+0.0014033024838022079j),(0.06686009849282668+0.1022431723586047j)
1.5555555555555556,2.0,1.8888888888888888,(0.0012132349306699366+0.0007394815376762065j),(0.11072187632186525-0.048831984145968566j)
1.5555555555555556,2.0,2.0,(0.0008157692351126743-0.0010547024057176622j),(-0.03604844620782953-0.11421075612890862j)
1.6666666666666665,1.0,1.0,(-0.0012592131943288108+0.0013896933752870013j),(-0.020306034387953253+0.17159989779234996j)
1.6666666666666665,1.0,1.1111111111111112,(0.0006920473024184904+0.0016021457176431972j),(0.14590508968325716+0.0892214476914286j)
1.6666666666666665,1.0,1.2222222222222223,(0.001614025964708025-0.00011412028127963866j),(0.13130023242582733-0.10636892634004153j)
1.6666666666666665,1.0,1.3333333333333333,(0.00027271340636711666-0.0014705135960660963j),(-0.06846892022148475-0.15198374305338147j)
1.6666666666666665,1.0,1.4444444444444444,(-0.0012904622353329589-0.0004863509890893072j),(-0.15938086404724577+0.03948552726456846j)
1.6666666666666665,1.0,1.5555555555555556,(-0.0005709288279547109+0.001133657199913644j),(0.021522847679367418+0.16008748278561186j)
1.6666666666666665,1.0,1.6666666666666665,(0.0010197698253727257+0.0005668901229095768j),(0.15807264244829927-0.014263618839346329j)
1.6666666666666665,1.0,1.7777777777777777,(0.000502557264928122-0.0009463826087071458j),(-0.01657811769985098-0.15490891826129033j)
1.6666666666666665,1.0,1.8888888888888888,(-0.0009006055297418793-0.0003955390934765852j),(-0.15036398589099442+0.027143956749081644j)
1.6666666666666665,1.0,2.0,(-0.0002571944293686811+0.0008653988649153431j),(0.044454450168036945+0.14299465459962493j)
1.6666666666666665,1.1111111111111112,1.0,(0.0006191153542286085+0.0018626873273021784j),(0.14242796970191568+0.08808054260556496j)
1.6666666666666665,1.1111111111111112,1.1111111111111112,(0.0018166715721207238+0.0002419964665229545j),(0.14051440243111224-0.08815243888625379j)
1.6666666666666665,1.1111111111111112,1.2222222222222223,(0.0008125031829600859-0.001498723563247011j),(-0.03142970567018026-0.16100706339856324j)
1.6666666666666665,1.1111111111111112,1.3333333333333333,(-0.0011257215599470875-0.0011099904751129526j),(-0.161309243012939-0.014842675749278077j)
1.6666666666666665,1.1111111111111112,1.4444444444444444,(-0.0012171277950639805+0.0008107491794089538j),(-0.047100706580566934+0.15263419315159593j)
1.6666666666666665,1.1111111111111112,1.5555555555555556,(0.0005919582830865845+0.0012135460300840128j),(0.14261854563086623+0.06638361259839598j)
1.6666666666666665,1.1111111111111112,1.6666666666666665,(0.0011534253322194594-0.00046823827034622994j),(0.07502559112488377-0.13534120394769986j)
1.6666666666666665,1.1111111111111112,1.7777777777777777,(-0.0004230358644790112-0.001065648401505038j),(-0.1322651270480703-0.07503587614031124j)
1.6666666666666665,1.1111111111111112,1.8888888888888888,(-0.000961094171660651+0.0004359771033756143j),(-0.06762085685730322+0.13311425554195166j)
1.6666666666666665,1.1111111111111112,2.0,(0.00048684065326534085+0.0008402961918690323j),(0.13643524654876782+0.05331957304472597j)
1.6666666666666665,1.2222222222222223,1.0,(0.0020252042459449364+0.0001733172269217164j),(0.1269133149569947-0.1006483075745736j)
1.6666666666666665,1.2222222222222223,1.1111111111111112,(0.0010209118844127852-0.0016072728509189788j),(-0.029921522437899684-0.15777057846676806j)
1.6666666666666665,1.2222222222222223,1.2222222222222223,(-0.0010216733026575816-0.00145405463076629j),(-0.15555686612226433-0.032736010957141626j)
1.6666666666666665,1.2222222222222223,1.3333333333333333,(-0.001578459427535167+0.0004922865749413059j),(-0.07806252314885183+0.13637553405682704j)
1.6666666666666665,1.2222222222222223,1.4444444444444444,(0.00010529014768429516+0.0015308919409647865j),(0.11289884986116053+0.10637929270658442j)
1.6666666666666665,1.2222222222222223,1.5555555555555556,(0.0014150053800484255+0.00013333072433120453j),(0.1217061617469041-0.09262070754865963j)
1.6666666666666665,1.2222222222222223,1.6666666666666665,(0.00024922357064849994-0.0012905290275751226j),(-0.07896630856705274-0.12826111945808655j)
1.6666666666666665,1.2222222222222223,1.7777777777777777,(-0.0011830815719255162-0.0002729375130686619j),(-0.12902271538162458+0.0728843937689796j)
1.6666666666666665,1.2222222222222223,1.8888888888888888,(-0.00022976704684530582+0.00109693663784686j),(0.07400230399004866+0.12546198067923434j)
1.6666666666666665,1.2222222222222223,2.0,(0.001024758024813761+0.0001384804607141672j),(0.11778425823370772-0.08121339669182118j)
1.6666666666666665,1.3333333333333333,1.0,(0.0008016809114685663-0.0019221896421462836j),(-0.061950645608914084-0.14363051958530398j)
1.6666666666666665,1.3333333333333333,1.1111111111111112,(-0.001211709719842706-0.0015372420710008262j),(-0.15439430145662983-0.015919569074542964j)
1.6666666666666665,1.3333333333333333,1.2222222222222223,(-0.00177748411774162+0.00044727825480242423j),(-0.07715432189261463+0.1330489262738168j)
1.6666666666666665,1.3333333333333333,1.3333333333333333,(-0.00015871185861792108+0.0017036326643034795j),(0.09853808146824868+0.11599119685354367j)
1.6666666666666665,1.3333333333333333,1.4444444444444444,(0.0014931730334634007+0.0005554300928600107j),(0.1361230141640203-0.06398994282452793j)
1.6666666666666665,1.3333333333333333,1.5555555555555556,(0.0007717182038626069-0.0012632228909444133j),(-0.036112544772859495-0.14401255254737722j)
1.6666666666666665,1.3333333333333333,1.6666666666666665,(-0.0010722824895388196-0.0008578647023702484j),(-0.1453733303908808+0.01723177933822049j)
1.6666666666666665,1.3333333333333333,1.7777777777777777,(-0.000857868435675462+0.0009396019895906492j),(0.007428582648625507+0.14400299937563898j)
1.6666666666666665,1.3333333333333333,1.8888888888888888,(0.0008630074062329306+0.0008015254805718642j),(0.141779013174964-0.005939737048881767j)
1.6666666666666665,1.3333333333333333,2.0,(0.000705776443600912-0.0008302648899217494j),(-0.011813239292676702-0.13903772243547644j)
1.6666666666666665,1.4444444444444444,1.0,(-0.0017225559999140606-0.0012243311171946112j),(-0.1471929947921952+0.03305364371479489j)
1.6666666666666665,1.4444444444444444,1.1111111111111112,(-0.0018218465904273375+0.0008069957280008381j),(-0.046585486469666995+0.14240392719004424j)
1.6666666666666665,1.4444444444444444,1.2222222222222223,(-6.15120621515149e-05+0.0018709285336027362j),(0.1069903634542031+0.10315019869919909j)
1.6666666666666665,1.4444444444444444,1.3333333333333333,(0.0016135153516752428+0.0006857131214580746j),(0.13359890597806148-0.06185682296649429j)
1.6666666666666665,1.4444444444444444,1.4444444444444444,(0.001048891366321096-0.0012577286819550723j),(-0.020233387118960007-0.1442516455362003j)
1.6666666666666665,1.4444444444444444,1.5555555555555556,(-0.0009277341867500427-0.0012123159961430177j),(-0.1434418390776485-0.012089906707907699j)
1.6666666666666665,1.4444444444444444,1.6666666666666665,(-0.0012489106767028801+0.0006768783405199578j),(-0.033985006826499284+0.13797769915941438j)
1.6666666666666665,1.4444444444444444,1.7777777777777777,(0.0005159241428717353+0.0012151423870161607j),(0.13223139616756713+0.04639843501986285j)
1.6666666666666665,1.4444444444444444,1.8888888888888888,(0.001145564601984889-0.00043567233589083697j),(0.05074096784478705-0.12840994850435997j)
1.6666666666666665,1.4444444444444444,2.0,(-0.0004199722597138509-0.001056692701760919j),(-0.1271123532421986-0.048155872557041124j)
1.6666666666666665,1.5555555555555556,1.0,(-0.0014678618623304735+0.001538058313874601j),(0.015321650111126048+0.1445375435963493j)
1.6666666666666665,1.5555555555555556,1.1111111111111112,(0.00048808040383724707+0.0019507042302231371j),(0.12956441575091254+0.06395271015741824j)
1.6666666666666665,1.5555555555555556,1.2222222222222223,(0.0018436701496304252+0.0004384987042983142j),(0.11566018661596422-0.08487517479649544j)
1.6666666666666665,1.5555555555555556,1.3333333333333333,(0.0010521051599926307-0.0014364714829458924j),(-0.0329746247726756-0.13839422047388228j)
1.6666666666666665,1.5555555555555556,1.4444444444444444,(-0.0009629427045319816-0.001362682085987059j),(-0.14034702101362345-0.012671933524151763j)
1.6666666666666665,1.5555555555555556,1.5555555555555556,(-0.0014590299914845348+0.0005528261432329335j),(-0.04695451613758633+0.13127653530760464j)
1.6666666666666665,1.5555555555555556,1.6666666666666665,(0.0002537036078493031+0.001434098949187639j),(0.1188170608200757+0.06977925118586203j)
1.6666666666666665,1.5555555555555556,1.7777777777777777,(0.0013558170586703531-6.720580442944282e-05j),(0.08308791426572523-0.10772637745479387j)
1.6666666666666665,1.5555555555555556,1.8888888888888888,(2.362462519267041e-05-0.0012637203842051988j),(-0.10039730434812605-0.08905106909609259j)
1.6666666666666665,1.5555555555555556,2.0,(-0.0011752589579923016-3.940005865116889e-05j),(-0.08926114512943378+0.09761145529797419j)
1.6666666666666665,1.6666666666666665,1.0,(0.001425089472884728+0.0015736237439965258j),(0.139715960754015-0.007798268730299023j)
1.6666666666666665,1.6666666666666665,1.1111111111111112,(0.0019928228883579037-0.0002909063424280801j),(0.07100924826361402-0.11976237508412604j)
1.6666666666666665,1.6666666666666665,1.2222222222222223,(0.0006748437251912343-0.0017802425552442564j),(-0.06975197007646992-0.11951026897744547j)
1.6666666666666665,1.6666666666666665,1.3333333333333333,(-0.0012622662152380996-0.0012752913631522529j),(-0.1366813916665483+0.013729857263103672j)
1.6666666666666665,1.6666666666666665,1.4444444444444444,(-0.001535550332080702+0.0006979770299498048j),(-0.034164665031300376+0.13186023600390118j)
1.6666666666666665,1.6666666666666665,1.5555555555555556,(0.00022559535013976873+0.001565927703377094j),(0.115924861024841+0.06902783708609328j)
1.6666666666666665,1.6666666666666665,1.6666666666666665,(0.0014770990697120022+0.00011057056664454283j),(0.09147140759427191-0.09723448758972425j)
1.6666666666666665,1.6666666666666665,1.7777777777777777,(0.00031697407026889967-0.001347976451524331j),(-0.0808746318731526-0.1042717979609262j)
1.6666666666666665,1.6666666666666665,1.8888888888888888,(-0.0012234119418307046-0.0004185436829536172j),(-0.11034429360237659+0.06933644104878173j)
1.6666666666666665,1.6666666666666665,2.0,(-0.0004413448555921966+0.0011226781667995436j),(0.0634587945121679+0.11184612909265473j)
1.6666666666666665,1.7777777777777777,1.0,(0.0015727060832564307-0.0014012996389041134j),(-0.008893618945785891-0.1343586847839364j)
1.6666666666666665,1.7777777777777777,1.1111111111111112,(-0.00021987281594976004-0.0019918425563759477j),(-0.1142274844095525-0.0702365658641736j)
1.6666666666666665,1.7777777777777777,1.2222222222222223,(-0.001730512677641653-0.0007844122209927221j),(-0.11804543103603414+0.06212817977271065j)
1.6666666666666665,1.7777777777777777,1.3333333333333333,(-0.001387737518482978+0.0011402069843874762j),(0.003647702738521051+0.13250929794734945j)
1.6666666666666665,1.7777777777777777,1.4444444444444444,(0.000507241784031171+0.0016156971395474657j),(0.12335174329164468+0.04581341942937181j)
1.6666666666666665,1.7777777777777777,1.5555555555555556,(0.0015930751904313877+1.5559223553016693e-05j),(0.08093803687090026-0.10233996802174512j)
1.6666666666666665,1.7777777777777777,1.6666666666666665,(0.0003820333937733727-0.0014463943965090206j),(-0.07858728833968197-0.10261028728323907j)
1.6666666666666665,1.7777777777777777,1.7777777777777777,(-0.001265893563986654-0.0006039898518652095j),(-0.11420686916539266+0.05758574591201992j)
1.6666666666666665,1.7777777777777777,1.8888888888888888,(-0.0007136696032131031+0.0011025862844204135j),(0.04194657414309617+0.11929929538766693j)
1.6666666666666665,1.7777777777777777,2.0,(0.00097834404494156+0.0007432948044353766j),(0.12062398400895813-0.032499961910101065j)
1.6666666666666665,1.8888888888888888,1.0,(-0.001459916853324657-0.0014796903894707648j),(-0.12840944276520766+0.017017414873302415j)
1.6666666666666665,1.8888888888888888,1.1111111111111112,(-0.001965031092325654+0.0002657484150018054j),(-0.06319854127192377+0.11257555467440096j)
1.6666666666666665,1.8888888888888888,1.2222222222222223,(-0.0007839162062794429+0.0017146630523603846j),(0.061284750970800314+0.11299837298225052j)
1.6666666666666665,1.8888888888888888,1.3333333333333333,(0.0010899041107007902+0.0014166169581883593j),(0.12785622498254473-0.0014909098622762874j)
1.6666666666666665,1.8888888888888888,1.4444444444444444,(0.001640630118018504-0.00040604862806398764j),(0.049550738871848236-0.11699370509740885j)
1.6666666666666665,1.8888888888888888,1.5555555555555556,(0.00016153681637847507-0.001586433883376984j),(-0.0928038341928053-0.08540193547007834j)
1.6666666666666665,1.8888888888888888,1.6666666666666665,(-0.0013943464900331738-0.0005575604330056013j),(-0.10670119463849902+0.06524007256961434j)
1.6666666666666665,1.8888888888888888,1.7777777777777777,(-0.0007948260871190535+0.001166944872844286j),(0.04038192178935935+0.11713681148025679j)
1.6666666666666665,1.8888888888888888,1.8888888888888888,(0.0009630029321256388+0.0009112106324256886j),(0.12081092849689398-0.021092926890618036j)
1.6666666666666665,1.8888888888888888,2.0,(0.0009451993711854475-0.0008081457815482262j),(-0.00822557761792691-0.12100625591358138j)
1.6666666666666665,2.0,1.0,(-0.0012959431677639836+0.0015779240911251717j),(0.030611022960903837+0.12077190309592328j)
1.6666666666666665,2.0,1.1111111111111112,(0.00041331074626813205+0.0019086361940687606j),(0.11345630269369959+0.05071572738277837j)
1.6666666666666665,2.0,1.2222222222222223,(0.001730981251588539+0.0006855011029071469j),(0.1048359997279305-0.06593884005658482j)
1.6666666666666665,2.0,1.3333333333333333,(0.0013769494192475173-0.0011119345375435554j),(-0.005959629834858367-0.12316107877908261j)
1.6666666666666665,2.0,1.4444444444444444,(-0.0003941625803072716-0.0016312757519425206j),(-0.11331130342732415-0.04692426177500225j)
1.6666666666666665,2.0,1.5555555555555556,(-0.0015729990407260855-0.0002163908188594319j),(-0.0844127525790665+0.08789400606003972j)
1.6666666666666665,2.0,1.6666666666666665,(-0.0006464333693742652+0.0013529062109049906j),(0.057755171274516376+0.10629523592397577j)
1.6666666666666665,2.0,1.7777777777777777,(0.0010870005580130159+0.0009037610520187629j),(0.11621687844693851-0.02979129748375672j)
1.6666666666666665,2.0,1.8888888888888888,(0.0010290481903264923-0.0008440920323002313j),(-0.007336934190491622-0.11865170495457822j)
1.6666666666666665,2.0,2.0,(-0.0006553880874588468-0.0010664210764002456j),(-0.1173779412754119-0.008606620184747357j)
1.7777777777777777,1.0,1.0,(0.001535615787374087+0.0006411478813799516j),(0.1631469723253124-0.0283255790995441j)
1.7777777777777777,1.0,1.1111111111111112,(0.0011844415508614273-0.001010207556790041j),(0.04876443580874-0.1566822481523084j)
1.7777777777777777,1.0,1.2222222222222223,(-0.0004640304314757435-0.0013746842962249959j),(-0.12556309159827572-0.10292572648072358j)
1.7777777777777777,1.0,1.3333333333333333,(-0.0013475601994326456+3.691694617354822e-05j),(-0.13398807045856556+0.08816416968942184j)
1.7777777777777777,1.0,1.4444444444444444,(-0.0002410210405005838+0.0012259247878345586j),(0.05525506525342916+0.1482652870025603j)
1.7777777777777777,1.0,1.5555555555555556,(0.0010877183921324377+0.00039040961419965976j),(0.15269322453340273-0.03139971147569916j)
1.7777777777777777,1.0,1.6666666666666665,(0.00044433404101899945-0.000970481894318357j),(-0.017585651497120644-0.1523948501708384j)
1.7777777777777777,1.0,1.7777777777777777,(-0.0008852589134236564-0.00043136453655633067j),(-0.15022649689478923+0.013243604493023291j)
1.7777777777777777,1.0,1.8888888888888888,(-0.00037142353791588367+0.0008284737617342468j),(0.01732523458819108+0.1471079081011509j)
1.7777777777777777,1.0,2.0,(0.0007894639399207862+0.0002773583390661559j),(0.1425257113940285-0.028655386144896232j)
1.7777777777777777,1.1111111111111112,1.0,(0.001426587863143483-0.001002139229592741j),(0.04851351905759936-0.15344771822883296j)
1.7777777777777777,1.1111111111111112,1.1111111111111112,(-0.0001951411028824841-0.0016238819640002654j),(-0.11086792628179182-0.11477589366668381j)
1.7777777777777777,1.1111111111111112,1.2222222222222223,(-0.0014668543201516561-0.0004305655869310463j),(-0.14790287400269247+0.05557478469652592j)
1.7777777777777777,1.1111111111111112,1.3333333333333333,(-0.0008144549726308289+0.001168662848583656j),(0.005145807856713292+0.15612771806326536j)
1.7777777777777777,1.1111111111111112,1.4444444444444444,(0.0008683839925585254+0.0009993505562199828j),(0.15062248087034805+0.03319711707569245j)
1.7777777777777777,1.1111111111111112,1.5555555555555556,(0.0010534765877901258-0.0006309732296574523j),(0.058610098317232115-0.14035130734527862j)
1.7777777777777777,1.1111111111111112,1.6666666666666665,(-0.00047381192750308354-0.0010337811666197173j),(-0.1308876578367918-0.07289509130229799j)
1.7777777777777777,1.1111111111111112,1.7777777777777777,(-0.0009765024134847917+0.0003910214890086869j),(-0.07824600904896356+0.12494395381172163j)
1.7777777777777777,1.1111111111111112,1.8888888888888888,(0.00036820164620608297+0.0008997673775669923j),(0.12324229947204052+0.07627684663138949j)
1.7777777777777777,1.1111111111111112,2.0,(0.0008094163331620946-0.00038913728104879905j),(0.06783515005567115-0.12518673084481424j)
1.7777777777777777,1.2222222222222223,1.0,(-0.00028238297127757396-0.0017881582470054955j),(-0.11980286286143574-0.10008580893596035j)
1.7777777777777777,1.2222222222222223,1.1111111111111112,(-0.0015936592198048135-0.0006010220308740402j),(-0.14525842702057512+0.053783107118726775j)
1.7777777777777777,1.2222222222222223,1.2222222222222223,(-0.0011354213877282353+0.0011225075568187504j),(-0.012068143486161708+0.15300504593105474j)
1.7777777777777777,1.2222222222222223,1.3333333333333333,(0.0006227656786882477+0.0013558789487678725j),(0.13801464428173155+0.06338316152542678j)
1.7777777777777777,1.2222222222222223,1.4444444444444444,(0.0013735407404540808-0.00021814332399734966j),(0.09739122677803408-0.11420131220661295j)
1.7777777777777777,1.2222222222222223,1.5555555555555556,(5.776538797723883e-05-0.001292323123077543j),(-0.09084907174704326-0.11702436926008883j)
1.7777777777777777,1.2222222222222223,1.6666666666666665,(-0.0011816637812155188-0.0002161170567777097j),(-0.1266399086473481+0.0727980316110806j)
1.7777777777777777,1.2222222222222223,1.7777777777777777,(-0.00028196503285473284+0.001077829922628353j),(0.06189664286351618+0.12988703687036696j)
1.7777777777777777,1.2222222222222223,1.8888888888888888,(0.0009938031006223298+0.00027937035339585726j),(0.12902014662435557-0.05833972789496557j)
1.7777777777777777,1.2222222222222223,2.0,(0.00022683642255007475-0.0009286749536086337j),(-0.06149202928421453-0.12492652782104668j)
1.7777777777777777,1.3333333333333333,1.0,(-0.001824024311500663-0.00037435485435338646j),(-0.12747981706300007+0.08126439357308662j)
1.7777777777777777,1.3333333333333333,1.1111111111111112,(-0.0011907134046529899+0.0012918721433662884j),(0.0034541353489543234+0.1500704679689867j)
1.7777777777777777,1.3333333333333333,1.2222222222222223,(0.0005967962088759099+0.0015401684988026556j),(0.13495615906334885+0.06281361922337877j)
1.7777777777777777,1.3333333333333333,1.3333333333333333,(0.0015480747724196007+9.446473590935984e-06j),(0.10713366186293244-0.10128048677173031j)
1.7777777777777777,1.3333333333333333,1.4444444444444444,(0.00043631720327791797-0.0013798548445410428j),(-0.06411490358091224-0.1309855343702761j)
1.7777777777777777,1.3333333333333333,1.5555555555555556,(-0.001160843313578687-0.0006890949228291314j),(-0.14049511726922775+0.03199228042978995j)
1.7777777777777777,1.3333333333333333,1.6666666666666665,(-0.0008090858481589908+0.00096212112327066j),(0.008339027257430092+0.14197079319399347j)
1.7777777777777777,1.3333333333333333,1.7777777777777777,(0.0008134034088668988+0.0008396655288450273j),(0.14008365613737228+0.0063087028633652415j)
1.7777777777777777,1.3333333333333333,1.8888888888888888,(0.000813229015497457-0.0007198548274649583j),(0.012613088230808985-0.13756392757628305j)
1.7777777777777777,1.3333333333333333,2.0,(-0.0006744043177055845-0.0007495135022028709j),(-0.13549280227709426-0.011499866464747143j)
1.7777777777777777,1.4444444444444444,1.0,(-0.000866188708556125+0.0016886618613890037j),(0.048327100464626335+0.1379866637721885j)
1.7777777777777777,1.4444444444444444,1.1111111111111112,(0.0009068250169963623+0.0015499718344885787j),(0.14137913564024887+0.033433680717658246j)
1.7777777777777777,1.4444444444444444,1.2222222222222223,(0.0016913096661902074-7.887369346061302e-05j),(0.09469853595740105-0.10872761780609752j)
1.7777777777777777,1.4444444444444444,1.3333333333333333,(0.0005550849543580255-0.0014915840212688515j),(-0.06215444664188946-0.12870817254465783j)
1.7777777777777777,1.4444444444444444,1.4444444444444444,(-0.0011564335705546908-0.0009428841265803982j),(-0.14049034599670812+0.017038971276507008j)
1.7777777777777777,1.4444444444444444,1.5555555555555556,(-0.0011283462845860749+0.0008217213153221894j),(-0.0192532114552937+0.13863669519344085j)
1.7777777777777777,1.4444444444444444,1.6666666666666665,(0.0005528273227282355+0.0011804360620859726j),(0.1307930406405728+0.04490319555096583j)
1.7777777777777777,1.4444444444444444,1.7777777777777777,(0.001158260049838311-0.00036856003379210907j),(0.06081637472216429-0.12219543374340196j)
1.7777777777777777,1.4444444444444444,1.8888888888888888,(-0.00026421388945201195-0.0011009317703255484j),(-0.11576555786240988-0.0686768408157421j)
1.7777777777777777,1.4444444444444444,2.0,(-0.0010291714191672573+0.00022631777808190232j),(-0.06995080519464358+0.11268940563475673j)
1.7777777777777777,1.5555555555555556,1.0,(0.0015083400639787534+0.0011852793753836075j),(0.1390230362415289-0.024920627825033934j)
1.7777777777777777,1.5555555555555556,1.1111111111111112,(0.0017322544062725945-0.0005587185195756776j),(0.05680910657427622-0.1284480020044677j)
1.7777777777777777,1.5555555555555556,1.2222222222222223,(0.000337146162999899-0.0016876355317363902j),(-0.08378416427292348-0.11154866505581812j)
1.7777777777777777,1.5555555555555556,1.3333333333333333,(-0.001313428571898127-0.0009522747380941764j),(-0.13528848512527475+0.02927303338330385j)
1.7777777777777777,1.5555555555555556,1.4444444444444444,(-0.001269303916294292+0.0008458852614693672j),(-0.019614685421397184+0.13577529207493577j)
1.7777777777777777,1.5555555555555556,1.5555555555555556,(0.0004259671244982764+0.00136612603310117j),(0.12345566565742486+0.05660776509673679j)
1.7777777777777777,1.5555555555555556,1.6666666666666665,(0.0013354844010932281-0.0001103098711165536j),(0.08135232052717238-0.10688361560929972j)
1.7777777777777777,1.5555555555555556,1.7777777777777777,(9.496863835367033e-05-0.0012493810994319591j),(-0.09154362119620713-0.09609235834002781j)
1.7777777777777777,1.5555555555555556,1.8888888888888888,(-0.0011520202983641523-0.00020556177684675673j),(-0.10352422799894422+0.08030099933492073j)
1.7777777777777777,1.5555555555555556,2.0,(-0.00024204235942192032+0.0010647758267683773j),(0.07425886674716894+0.1057699070217706j)
1.7777777777777777,1.6666666666666665,1.0,(0.0013616044567289786-0.0013604107773443274j),(-0.011398118751445675-0.13584787077219776j)
1.7777777777777777,1.6666666666666665,1.1111111111111112,(-0.0003045093870620415-0.0018056096290121407j),(-0.11673206054386978-0.06912868429921681j)
1.7777777777777777,1.6666666666666665,1.2222222222222223,(-0.001619608665788429-0.00062529682311696j),(-0.11835010302889615+0.06467517349678219j)
1.7777777777777777,1.6666666666666665,1.3333333333333333,(-0.0012064876602646281+0.0011125748693682797j),(0.005656198065300612+0.13381511556058695j)
1.7777777777777777,1.6666666666666665,1.4444444444444444,(0.0005470390835011917+0.0014474725637735088j),(0.12518031635659208+0.04453341406770992j)
1.7777777777777777,1.6666666666666665,1.5555555555555556,(0.0014541134669737456-6.892735712532455e-05j),(0.08033106422641582-0.10432490943135815j)
1.7777777777777777,1.6666666666666665,1.6666666666666665,(0.0002730463514490193-0.0013394236033079303j),(-0.08051242706098002-0.10251724153097029j)
1.7777777777777777,1.6666666666666665,1.7777777777777777,(-0.0011863405498335994-0.00048494669087844754j),(-0.11445395459014568+0.059356314989892786j)
1.7777777777777777,1.6666666666666665,1.8888888888888888,(-0.0005935241766883485+0.001043084287305777j),(0.04354437311293155+0.11973793703995689j)
1.7777777777777777,1.6666666666666665,2.0,(0.0009312885844304918+0.0006270326688949043j),(0.12114047604098643-0.0339453997746056j)
1.7777777777777777,1.7777777777777777,1.0,(-0.0012811022150615485-0.0014285054475364895j),(-0.13132883022368835+0.006690676947371949j)
1.7777777777777777,1.7777777777777777,1.1111111111111112,(-0.0018230108045521431+0.00016146307785470308j),(-0.07305790326912198+0.10868776890380244j)
1.7777777777777777,1.7777777777777777,1.2222222222222223,(-0.0007930258035897867+0.0015485802341321977j),(0.05281640224391705+0.11911204054090951j)
1.7777777777777777,1.7777777777777777,1.3333333333333333,(0.0009487761414941609+0.001348863636244542j),(0.12921561080486443+0.008690316146396784j)
1.7777777777777777,1.7777777777777777,1.4444444444444444,(0.0015275788955805515-0.00031214231908595683j),(0.059220507423684995-0.11414535804268362j)
1.7777777777777777,1.7777777777777777,1.5555555555555556,(0.00020635706896950632-0.001456256222680653j),(-0.0869374406436553-0.09334356552014302j)
1.7777777777777777,1.7777777777777777,1.6666666666666665,(-0.0012656692200362601-0.0005620317639967252j),(-0.11254536316628383+0.05755811816583936j)
1.7777777777777777,1.7777777777777777,1.7777777777777777,(-0.000770808294835902+0.0010491192559351466j),(0.031811592271447975+0.12104542487316267j)
1.7777777777777777,1.7777777777777777,1.8888888888888888,(0.0008587918487702943+0.0008696558715554118j),(0.12320118021375052-0.012232126335998222j)
1.7777777777777777,1.7777777777777777,2.0,(0.0008947109696785071-0.0007165395576398464j),(0.0005978605981894887-0.12237246985689132j)
1.7777777777777777,1.8888888888888888,1.0,(-0.0014082283910379655+0.0012789246082290273j),(0.009409687690861986+0.12643917938670526j)
1.7777777777777777,1.8888888888888888,1.1111111111111112,(0.00012757259823035203+0.0018143826572658598j),(0.10482885379903428+0.07055307997658226j)
1.7777777777777777,1.8888888888888888,1.2222222222222223,(0.001506827679832418+0.0008570440159419651j),(0.11629972473028216-0.04800940150828478j)
1.7777777777777777,1.8888888888888888,1.3333333333333333,(0.0014110129260956011-0.0008503326342512065j),(0.014905294224436039-0.12427294499721123j)
1.7777777777777777,1.8888888888888888,1.4444444444444444,(-0.00016108845891852532-0.0015533290368717782j),(-0.10552511723364291-0.06586211662998798j)
1.7777777777777777,1.8888888888888888,1.5555555555555556,(-0.0014246771061627763-0.0003899548181848997j),(-0.09886430953633916+0.07402583318052676j)
1.7777777777777777,1.8888888888888888,1.6666666666666665,(-0.0007558371445002479+0.001171801464153519j),(0.0405550452229802+0.11560642920656941j)
1.7777777777777777,1.8888888888888888,1.7777777777777777,(0.0008991292821352648+0.0009585556849267362j),(0.12089102063975955-0.011304476886911122j)
1.7777777777777777,1.8888888888888888,1.8888888888888888,(0.0010437233677785013-0.0006639743899825135j),(0.0111963664628668-0.11970755402505767j)
1.7777777777777777,1.8888888888888888,2.0,(-0.0004890998875780831-0.0010551980688575727j),(-0.11594613310127716-0.026597089582578604j)
1.7777777777777777,2.0,1.0,(0.0013446433365683099+0.001309595845634484j),(0.12085220206865438-0.018203399128124638j)
1.7777777777777777,2.0,1.1111111111111112,(0.0017884699961483105-0.00019316764140963933j),(0.06273644717909421-0.1045010254149198j)
1.7777777777777777,2.0,1.2222222222222223,(0.0008314720694621307-0.0015041197937326028j),(-0.04934605568860881-0.11098142064925615j)
1.7777777777777777,2.0,1.3333333333333333,(-0.0008251717838101658-0.0014142628622920536j),(-0.12007617322814007-0.014287937819733957j)
1.7777777777777777,2.0,1.4444444444444444,(-0.0015531094422902546+9.632157061670611e-05j),(-0.06630624363199533+0.10035565154097718j)
1.7777777777777777,2.0,1.5555555555555556,(-0.0004871193989633496+0.0013928618339891612j),(0.0664374505084804+0.0993711047970147j)
1.7777777777777777,2.0,1.6666666666666665,(0.001094273354037676+0.0008677320402699822j),(0.11481522379236983-0.03005781743459217j)
1.7777777777777777,2.0,1.7777777777777777,(0.0010684066631363456-0.000774508128974934j),(0.0019253841618998538-0.11772080243744432j)
1.7777777777777777,2.0,1.8888888888888888,(-0.0004982896960084341-0.0011410988719292867j),(-0.1135916940786513-0.026744338294689137j)
1.7777777777777777,2.0,2.0,(-0.0011369107327332771+0.0002909040173162292j),(-0.04413603621177144+0.10681620186309014j)
1.8888888888888888,1.0,1.0,(1.3405570436531225e-05-0.001484095127841579j),(-0.07705078277504537-0.1388027939960529j)
1.8888888888888888,1.0,1.1111111111111112,(-0.0012118230073005897-0.0006911499685123507j),(-0.15750287873981683-0.0011578216461790433j)
1.8888888888888888,1.0,1.2222222222222223,(-0.0010554970078340991+0.0007700090386659946j),(-0.06563383372698692+0.1415594563508648j)
1.8888888888888888,1.0,1.3333333333333333,(0.00034837353388956994+0.001168996479187589j),(0.10982815520707237+0.10845463518346171j)
1.8888888888888888,1.0,1.4444444444444444,(0.0011355596999697262-2.8578450545461484e-05j),(0.1320826692631466-0.07618425796027889j)
1.8888888888888888,1.0,1.5555555555555556,(0.00017689470522613956-0.0010406806724063081j),(-0.04816386365209334-0.1425197889277634j)
1.8888888888888888,1.0,1.6666666666666665,(-0.0009367895685033797-0.0002856549448743347j),(-0.14544944418147038+0.02870105038554073j)
1.8888888888888888,1.0,1.7777777777777777,(-0.0003217371678004807+0.000848581046698474j),(0.018225364199216262+0.14480940151400495j)
1.8888888888888888,1.0,1.8888888888888888,(0.0007827027547034841+0.00030550843093188026j),(0.14264737786149806-0.016119486690508077j)
1.8888888888888888,1.0,2.0,(0.00025147547149412535-0.0007356614567678255j),(-0.02144412431705238-0.13944803928708263j)
1.8888888888888888,1.1111111111111112,1.0,(-0.001266390131433755-0.0009013984317012295j),(-0.15468377082942963-0.001758166519241168j)
1.8888888888888888,1.1111111111111112,1.1111111111111112,(-0.0013364076932268704+0.0005994982824884883j),(-0.07971985754387106+0.1312244382915853j)
1.8888888888888888,1.1111111111111112,1.2222222222222223,(-3.1037434681868605e-05+0.0013748227010452643j),(0.08298827370813452+0.12756903181929213j)
1.8888888888888888,1.1111111111111112,1.3333333333333333,(0.0011925051879272716+0.0004843613191907347j),(0.14733559365697244-0.03137826229536812j)
1.8888888888888888,1.1111111111111112,1.4444444444444444,(0.0007492039437776486-0.0009394162503951444j),(0.01205327068667995-0.14842707565372584j)
1.8888888888888888,1.1111111111111112,1.5555555555555556,(-0.0007046774468461308-0.0008697090397106534j),(-0.14042864373314312-0.04357284755304527j)
1.8888888888888888,1.1111111111111112,1.6666666666666665,(-0.0008980139810887391+0.0005265318958968981j),(-0.06366422426967683+0.13029125618842657j)
1.8888888888888888,1.1111111111111112,1.7777777777777777,(0.0004126989855203669+0.0008743407601203876j),(0.12206163821201943+0.0742637169698557j)
1.8888888888888888,1.1111111111111112,1.8888888888888888,(0.0008232324409345902-0.0003565243843336996j),(0.07724938923574648-0.11753473951666128j)
1.8888888888888888,1.1111111111111112,2.0,(-0.00034622392670446154-0.000756400925154551j),(-0.11697385186285293-0.07386615724110314j)
1.8888888888888888,1.2222222222222223,1.0,(-0.0014566050520277251+0.0007018694857856363j),(-0.06442572859269763+0.13595695746459585j)
1.8888888888888888,1.2222222222222223,1.1111111111111112,(-0.00015786944203922265+0.0015191863659455088j),(0.080923952313179+0.12558743144803142j)
1.8888888888888888,1.2222222222222223,1.2222222222222223,(0.001209781755090697+0.0007767066221091052j),(0.14740049695365515-0.015089087442512358j)
1.8888888888888888,1.2222222222222223,1.3333333333333333,(0.0011032570164662713-0.0007763766459558947j),(0.041667542599633-0.14072436235734131j)
1.8888888888888888,1.2222222222222223,1.4444444444444444,(-0.00037529778264695996-0.0012055521610827699j),(-0.11965420827977408-0.08224061099420915j)
1.8888888888888888,1.2222222222222223,1.5555555555555556,(-0.0011769826296139348+7.186075311362732e-05j),(-0.1073774077817267+0.09515226475325658j)
1.8888888888888888,1.2222222222222223,1.6666666666666665,(-0.00012494396967410552+0.0010921950660120216j),(0.07374448752478256+0.12090241469457429j)
1.8888888888888888,1.2222222222222223,1.7777777777777777,(0.000997131728043402+0.00023063922664968967j),(0.1268246744805504-0.05846482854516795j)
1.8888888888888888,1.2222222222222223,1.8888888888888888,(0.0002662164609953172-0.0009138510808844762j),(-0.050219054114427286-0.12809910847856232j)
1.8888888888888888,1.2222222222222223,2.0,(-0.0008485406531032759-0.00024988418035329813j),(-0.12635198396802927+0.04881655348911759j)
1.8888888888888888,1.3333333333333333,1.0,(7.07650531192802e-05+0.0016665694889684186j),(0.10259321442428224+0.10398872935941558j)
1.8888888888888888,1.3333333333333333,1.1111111111111112,(0.0013607538566657994+0.0008023092236643146j),(0.14222319094102995-0.028955202411681737j)
1.8888888888888888,1.3333333333333333,1.2222222222222223,(0.0012729853950008267-0.0007756836436472411j),(0.04153221624662705-0.13791876101567807j)
1.8888888888888888,1.3333333333333333,1.3333333333333333,(-0.00019029487867264325-0.0013894801751876923j),(-0.10863378710970581-0.09263969197691456j)
1.8888888888888888,1.3333333333333333,1.4444444444444444,(-0.0012897322116487465-0.0002615915420715716j),(-0.1222334689574905+0.07098759494182225j)
1.8888888888888888,1.3333333333333333,1.5555555555555556,(-0.0005536424573549395+0.0011007804756058086j),(0.03567469529575207+0.13516305416948454j)
1.8888888888888888,1.3333333333333333,1.6666666666666665,(0.0009054681149676064+0.0007115662718108342j),(0.13788945211170234-0.007722239196664354j)
1.8888888888888888,1.3333333333333333,1.7777777777777777,(0.0007743882423763268-0.0007452740831635813j),(0.011501280963880539-0.13582252110204934j)
1.8888888888888888,1.3333333333333333,1.8888888888888888,(-0.0006340349417083078-0.0007757834886862451j),(-0.13254025865268954-0.022385587243533317j)
1.8888888888888888,1.3333333333333333,2.0,(-0.0007385653064966145+0.0005704842774137023j),(-0.025855071599196283+0.12990008025419758j)
1.8888888888888888,1.4444444444444444,1.0,(0.001641786431451929+0.00046562108069437733j),(0.12394194560563587-0.06854996442381406j)
1.8888888888888888,1.4444444444444444,1.1111111111111112,(0.0012429565735898433-0.00103914431924804j),(0.013344265092047149-0.14017486692053274j)
1.8888888888888888,1.4444444444444444,1.2222222222222223,(-0.0002767152100005873-0.001507581316088576j),(-0.11447874699741428-0.08029484035552684j)
1.8888888888888888,1.4444444444444444,1.3333333333333333,(-0.001399218432791976-0.00036388648365638405j),(-0.12028139383622004+0.0690748324515609j)
1.8888888888888888,1.4444444444444444,1.4444444444444444,(-0.0007858753813823422+0.0011101413796479917j),(0.021611410570023068+0.13572624553647666j)
1.8888888888888888,1.4444444444444444,1.5555555555555556,(0.000786021203925951+0.001006163587274497j),(0.13478931049854687+0.01836514599256874j)
1.8888888888888888,1.4444444444444444,1.6666666666666665,(0.0010837781586349755-0.0005065989207345833j),(0.04775559748906723-0.1257494742109932j)
1.8888888888888888,1.4444444444444444,1.7777777777777777,(-0.00030167461061987756-0.001077846811203692j),(-0.11473112814149684-0.0670398715543774j)
1.8888888888888888,1.4444444444444444,1.8888888888888888,(-0.0010315169511011862+0.00017297490902626832j),(-0.0780088168913122+0.10543704686087214j)
1.8888888888888888,1.4444444444444444,2.0,(0.00011031389502981743+0.0009702365679155115j),(0.09966297631278487+0.08246102173246495j)
1.8888888888888888,1.5555555555555556,1.0,(0.0008533472472378833-0.0015073376902012452j),(-0.04090005686013291-0.130928002216411j)
1.8888888888888888,1.5555555555555556,1.1111111111111112,(-0.0006938453463189726-0.0014952852379567906j),(-0.12952963069452939-0.04290249837900586j)
1.8888888888888888,1.5555555555555556,1.2222222222222223,(-0.001554939295418346-0.00016316449699933902j),(-0.10278226748448897+0.08844179063881902j)
1.8888888888888888,1.5555555555555556,1.3333333333333333,(-0.0007923437635332549+0.0012482631736080406j),(0.03306038980835731+0.130481935927309j)
1.8888888888888888,1.5555555555555556,1.4444444444444444,(0.0008079060272610378+0.0011366674789287956j),(0.1321679357327834+0.01868663934022292j)
1.8888888888888888,1.5555555555555556,1.5555555555555556,(0.0012537337308120915-0.00038806892873499113j),(0.05863880626460087-0.11852198573833334j)
1.8888888888888888,1.5555555555555556,1.6666666666666665,(-5.9037454852839635e-05-0.0012314169248367817j),(-0.09900052101910942-0.08559240138139074j)
1.8888888888888888,1.5555555555555556,1.7777777777777777,(-0.0011444966647373134-0.00016462808417605263j),(-0.10174660603155+0.07995349902102056j)
1.8888888888888888,1.5555555555555556,1.8888888888888888,(-0.00029510232255573884+0.0010421405449340376j),(0.06483807629213025+0.11017860150551805j)
1.8888888888888888,1.5555555555555556,2.0,(0.0009503930553021196+0.00035230063179590406j),(0.11353170995268239-0.055107704573221894j)
1.8888888888888888,1.6666666666666665,1.0,(-0.0013562730611904636-0.0010987684168699688j),(-0.13088214548113003+0.021981877981870263j)
1.8888888888888888,1.6666666666666665,1.1111111111111112,(-0.0016151117815637417+0.0004049399756298925j),(-0.060856373149786126+0.11725066396504195j)
1.8888888888888888,1.6666666666666665,1.2222222222222223,(-0.0004943767426302001+0.0015040126756877036j),(0.0661738939056022+0.11348299141716182j)
1.8888888888888888,1.6666666666666665,1.3333333333333333,(0.0010416061376483231+0.0010806211583807303j),(0.13039796688048727-0.005328442587531812j)
1.8888888888888888,1.6666666666666665,1.4444444444444444,(0.0013313109166517827-0.0004917870668211588j),(0.04721971067694553-0.12060944281799962j)
1.8888888888888888,1.6666666666666665,1.5555555555555556,(-1.3066724457562657e-05-0.001338988091227377j),(-0.09671236791197844-0.08449280182099145j)
1.8888888888888888,1.6666666666666665,1.6666666666666665,(-0.0012155989858723278-0.00033533275729544676j),(-0.10688941779268224+0.06897269389000785j)
1.8888888888888888,1.6666666666666665,1.7777777777777777,(-0.0005545352340695431+0.0010479408786150104j),(0.04373450622114889+0.11805719208029772j)
1.8888888888888888,1.6666666666666665,1.8888888888888888,(0.0008885930833854327+0.0006706717530774037j),(0.12215136346179789-0.024033047416814193j)
1.8888888888888888,1.6666666666666665,2.0,(0.0007134709923417651-0.0007625278825460393j),(-0.010810092332980303-0.1225323762860254j)
1.8888888888888888,1.7777777777777777,1.0,(-0.0012289414142823017+0.0012427255373814068j),(0.011702943171256489+0.1277783419375927j)
1.8888888888888888,1.7777777777777777,1.1111111111111112,(0.00020644551582688178+0.0016582967141479867j),(0.10716500255270339+0.06963314059812309j)
1.8888888888888888,1.7777777777777777,1.2222222222222223,(0.0014246522107184754+0.0007120339454381128j),(0.1167979854022084-0.050322097775735014j)
1.8888888888888888,1.7777777777777777,1.3333333333333333,(0.0012526153708548402-0.0008496563285925773j),(0.013239386263534618-0.125744401019246j)
1.8888888888888888,1.7777777777777777,1.4444444444444444,(-0.00022433053771976245-0.0014171447611133617j),(-0.1074371239348718-0.06503501543581275j)
1.8888888888888888,1.7777777777777777,1.5555555555555556,(-0.001326267869936394-0.00028755677840148206j),(-0.09879073058656115+0.07597304105853737j)
1.8888888888888888,1.7777777777777777,1.6666666666666665,(-0.0006356917179754921+0.00111229946703888j),(0.04230983068493437+0.11608816815432033j)
1.8888888888888888,1.7777777777777777,1.7777777777777777,(0.0008721289059534687+0.0008351095501563016j),(0.12172315636715927-0.0127836630067491j)
1.8888888888888888,1.7777777777777777,1.8888888888888888,(0.0009248330942668017-0.0006605856778134813j),(0.009986111584652728-0.12072543542576428j)
1.8888888888888888,1.7777777777777777,2.0,(-0.0005007146506641159-0.0009439775418257556j),(-0.11703453682239964-0.025605323984207652j)
1.8888888888888888,1.8888888888888888,1.0,(0.0011903771242312926+0.0012694264351093575j),(0.12365805523110868-0.0090583380947824j)
1.8888888888888888,1.8888888888888888,1.1111111111111112,(0.0016642297247952851-0.00010594734973162266j),(0.07145406322544962-0.10081693189020315j)
1.8888888888888888,1.8888888888888888,1.2222222222222223,(0.0008294006501160011-0.0013600651381699704j),(-0.041387858422541335-0.11588239548139137j)
1.8888888888888888,1.8888888888888888,1.3333333333333333,(-0.0007101524295937199-0.001341070725844698j),(-0.12015139251143471-0.023500256535658348j)
1.8888888888888888,1.8888888888888888,1.4444444444444444,(-0.0014415919287154798+3.210937852706653e-05j),(-0.07441199095566245+0.09629935740174565j)
1.8888888888888888,1.8888888888888888,1.5555555555555556,(-0.0005001908363378069+0.001272368589039489j),(0.05964533949603355+0.10512491440046508j)
1.8888888888888888,1.8888888888888888,1.6666666666666665,(0.0009836603832402576+0.0008403750172985185j),(0.11791819668813303-0.021901231961674716j)
1.8888888888888888,1.8888888888888888,1.7777777777777777,(0.001014104844083944-0.0006823491258342992j),(0.010435590594513086-0.11844979787987875j)
1.8888888888888888,1.8888888888888888,1.8888888888888888,(-0.00042594972979548545-0.001071624917102398j),(-0.11247053851567054-0.03501555498759528j)
1.8888888888888888,1.8888888888888888,2.0,(-0.0010608208997765754+0.0002357776467040871j),(-0.05191666135733253+0.10440701092850736j)
1.8888888888888888,2.0,1.0,(0.0012358303354906828-0.0012025383995462552j),(-0.012859811442502499-0.11907379117246297j)
1.8888888888888888,2.0,1.1111111111111112,(-9.906177713336785e-05-0.001652912133910852j),(-0.09830821384163409-0.06782263051057956j)
1.8888888888888888,2.0,1.2222222222222223,(-0.0013305460007327259-0.0008619093265688329j),(-0.11248878321263302+0.038856729995654385j)
1.8888888888888888,2.0,1.3333333333333333,(-0.001372509534869796+0.000638162268802314j),(-0.026756677200491977+0.11543239728004615j)
1.8888888888888888,2.0,1.4444444444444444,(-7.916858565694164e-05+0.001439434616373295j),(0.08881021041495595+0.07751086132461205j)
1.8888888888888888,2.0,1.5555555555555556,(0.00121655636610791+0.0006300816243541889j),(0.10646784025379907-0.04891312631433645j)
1.8888888888888888,2.0,1.6666666666666665,(0.0009650174497648645-0.0008703666348020981j),(-0.008366883414623785-0.11605884626918253j)
1.8888888888888888,2.0,1.7777777777777777,(-0.0005190942675248169-0.001115779147969188j),(-0.11252444720506452-0.02588738900320959j)
1.8888888888888888,2.0,1.8888888888888888,(-0.0011417769926070037+0.00022482718567645455j),(-0.05152433200586673+0.10223329034669071j)
1.8888888888888888,2.0,2.0,(8.443379364844774e-06+0.0010990760947938293j),(0.09007033745825713+0.0689382290450605j)
2.0,1.0,1.0,(-0.0012162230900796332+0.000540154594139354j),(-0.09681482501371172+0.1175622453978523j)
2.0,1.0,1.1111111111111112,(-0.00016223542162365143+0.001245856813261462j),(0.048926026676816364+0.14312811276983334j)
2.0,1.0,1.2222222222222223,(0.0009811834233981506+0.0006588850209009278j),(0.14860623228197564+0.02053586887422136j)
2.0,1.0,1.3333333333333333,(0.0009159823104440213-0.0006241006610896835j),(0.0742463463632379-0.1287025299720247j)
2.0,1.0,1.4444444444444444,(-0.00029872285629571214-0.0009927957164532482j),(-0.09881797116829669-0.10878654060418477j)
2.0,1.0,1.5555555555555556,(-0.0009661054255998627+5.522490494118274e-05j),(-0.12754098302258088+0.06938203623013615j)
2.0,1.0,1.6666666666666665,(-0.0001008835675633565+0.0008959735926564449j),(0.045784581497532326+0.13576233895830553j)
2.0,1.0,1.7777777777777777,(0.0008187495078299442+0.00018299844312838633j),(0.13801580732965027-0.02999949964179372j)
2.0,1.0,1.8888888888888888,(0.00020836491899398253-0.0007514723105319075j),(-0.02219683402827126-0.1373217776480437j)
2.0,1.0,2.0,(-0.0006985006364655311-0.00019174168099005438j),(-0.13514575087409858+0.021793974137118064j)
2.0,1.1111111111111112,1.0,(-0.00032495307942830866+0.001353365240802557j),(0.04760688848671317+0.14092621397529054j)
2.0,1.1111111111111112,1.1111111111111112,(0.0009153903254610674+0.0009466014262108169j),(0.14336362376066264+0.03584798027378241j)
2.0,1.1111111111111112,1.2222222222222223,(0.0011906919961405592-0.0003512941497202186j),(0.09787628026834708-0.10916876296387441j)
2.0,1.1111111111111112,1.3333333333333333,(0.00013379621572069098-0.0011590931400570184j),(-0.06110853735289974-0.13180972271159203j)
2.0,1.1111111111111112,1.4444444444444444,(-0.0009888476472152223-0.00046747901592979587j),(-0.14301366505370472+0.014882548649743178j)
2.0,1.1111111111111112,1.5555555555555556,(-0.0006574334501272632+0.0007839220415870917j),(-0.02209308749584896+0.14040755515111383j)
2.0,1.1111111111111112,1.6666666666666665,(0.0006025912606677107+0.0007412704296929063j),(0.13185580644888997+0.04808734821898769j)
2.0,1.1111111111111112,1.7777777777777777,(0.0007576162399657615-0.0004683996973735179j),(0.06412848233900241-0.1227042093438631j)
2.0,1.1111111111111112,1.8888888888888888,(-0.00038476372750848075-0.00073497515540215j),(-0.11591126640844496-0.07200458123218906j)
2.0,1.1111111111111112,2.0,(-0.0006903338751247898+0.000345693380372711j),(-0.07324930600106053+0.11266235768417257j)
2.0,1.2222222222222223,1.0,(0.0010258373116749395+0.0010230831172612538j),(0.1434970812486274+0.020934608488609167j)
2.0,1.2222222222222223,1.1111111111111112,(0.0013462213800250545-0.00027338481990725905j),(0.096626181708483-0.10692602269844277j)
2.0,1.2222222222222223,1.2222222222222223,(0.00038625690612524826-0.0012391492466051913j),(-0.04634893410890506-0.1353353425051128j)
2.0,1.2222222222222223,1.3333333333333333,(-0.0009148206965505024-0.00081118415682173j),(-0.14116288992478315-0.01368585583733858j)
2.0,1.2222222222222223,1.4444444444444444,(-0.0010098934458977824+0.0005474909081041384j),(-0.060888537278082425+0.1265590851083075j)
2.0,1.2222222222222223,1.5555555555555556,(0.0002332832792198567+0.0010513640148280094j),(0.10353564734205142+0.09262791033585435j)
2.0,1.2222222222222223,1.6666666666666665,(0.0010077537585044408-5.744220403650233e-06j),(0.11128582690150249-0.08037279797015973j)
2.0,1.2222222222222223,1.7777777777777777,(0.00013642325901110916-0.0009317255149282183j),(-0.0615866406015895-0.12071242786746081j)
2.0,1.2222222222222223,1.8888888888888888,(-0.0008538996930007472-0.0002080094967743248j),(-0.1243352883613414+0.04905155805530848j)
2.0,1.2222222222222223,2.0,(-0.00022554910718241997+0.0007879050398987131j),(0.04313814806204411+0.1244647620230426j)
2.0,1.3333333333333333,1.0,(0.0014148830332617547-0.0004917324182350982j),(0.07196525442038942-0.12141771541585819j)
2.0,1.3333333333333333,1.1111111111111112,(0.00038291954740489237-0.001370888103588258j),(-0.057982100321457425-0.127785288184057j)
2.0,1.3333333333333333,1.2222222222222223,(-0.0009426348776641806-0.0009634919551018595j),(-0.13864786573139315-0.014031339000609815j)
2.0,1.3333333333333333,1.3333333333333333,(-0.0012043787640538088+0.0004112043737405244j),(-0.07214571656835261+0.11791999672002564j)
2.0,1.3333333333333333,1.4444444444444444,(-5.066306152970894e-05+0.0011973837461004598j),(0.08265752682400404+0.10923158995323881j)
2.0,1.3333333333333333,1.5555555555555556,(0.0010602143424313115+0.00037953048628084317j),(0.12765564647716993-0.045703636626356056j)
2.0,1.3333333333333333,1.6666666666666665,(0.0005784625420624558-0.0008836500088573731j),(-0.014130047990281593-0.13333294415140778j)
2.0,1.3333333333333333,1.7777777777777777,(-0.0007210129908926375-0.0006770153499559327j),(-0.13212827357001156-0.009390082486315232j)
2.0,1.3333333333333333,1.8888888888888888,(-0.0007074286505995716+0.0005960800594511423j),(-0.024654066962357717+0.12840502421112657j)
2.0,1.3333333333333333,2.0,(0.0005144462432953249+0.0006946871116066819j),(0.124810486808312+0.0324525902713185j)
2.0,1.4444444444444444,1.0,(4.603823679367528e-05-0.0015364360557808833j),(-0.09056729813854988-0.10302880875574258j)
2.0,1.4444444444444444,1.1111111111111112,(-0.0011584947764886045-0.0008948251206355811j),(-0.1358777072544861+0.012408094250639295j)
2.0,1.4444444444444444,1.2222222222222223,(-0.0012967325660877833+0.0004988541399973351j),(-0.05983283308551539+0.12165604456379331j)
2.0,1.4444444444444444,1.3333333333333333,(-0.00013244280902954662+0.0013081180296502942j),(0.08072408717436802+0.10766735656317439j)
2.0,1.4444444444444444,1.4444444444444444,(0.0010917663150296613+0.0005900814737636465j),(0.12939524035929656-0.032572791870271615j)
2.0,1.4444444444444444,1.5555555555555556,(0.0008551042513748239-0.0007967889002194544j),(0.010641917199420843-0.13174277077801616j)
2.0,1.4444444444444444,1.6666666666666665,(-0.0005173877449480434-0.0009692480560186706j),(-0.1232085617222827-0.04390441585572846j)
2.0,1.4444444444444444,1.7777777777777777,(-0.0009875379890481903+0.0002968562677683297j),(-0.06675807424065135+0.11075609655957015j)
2.0,1.4444444444444444,1.8888888888888888,(0.00014578262119541456+0.0009555496056758235j),(0.09895290235659468+0.0807994785699584j)
2.0,1.4444444444444444,2.0,(0.000903254233057341-5.868104369571668e-05j),(0.0880430639626783-0.09027969842173167j)
2.0,1.5555555555555556,1.0,(-0.0014891917201337542-0.0004837320715641626j),(-0.1182841493652525+0.061158730270736025j)
2.0,1.5555555555555556,1.1111111111111112,(-0.0012266358732478811+0.0008535062578257308j),(-0.0228607774321964+0.13052558086610197j)
2.0,1.5555555555555556,1.2222222222222223,(5.6661096282412116e-05+0.0014203917304122927j),(0.09700467449939829+0.08914009749304957j)
2.0,1.5555555555555556,1.3333333333333333,(0.0012132929160145133+0.0005880741273880441j),(0.12358523097677315-0.04298362601131893j)
2.0,1.5555555555555556,1.4444444444444444,(0.0009746610334944532-0.0008228844615767047j),(0.011052981369613102-0.12935928223462317j)
2.0,1.5555555555555556,1.5555555555555556,(-0.0004149433346718883-0.0011303510532141717j),(-0.11664977536215611-0.05436985095115544j)
2.0,1.5555555555555556,1.6666666666666665,(-0.001131892691677113+7.661346176438172e-05j),(-0.08422481807467994+0.09566383518208589j)
2.0,1.5555555555555556,1.7777777777777777,(-0.00016507644955028464+0.0010543351769553308j),(0.07374917903765155+0.10230636858963874j)
2.0,1.5555555555555556,1.8888888888888888,(0.00095150020044811+0.0003158339940218976j),(0.11183300728925863-0.05514010590111785j)
2.0,1.5555555555555556,2.0,(0.0003934469137767177-0.0008546148790396751j),(-0.04175946900094264-0.11588591151120028j)
2.0,1.6666666666666665,1.0,(-0.0007933827264935579+0.0013709904101296615j),(0.03807675189565762+0.12338901699746346j)
2.0,1.6666666666666665,1.1111111111111112,(0.0005566350687944564+0.0014089829310677355j),(0.11977945234525003+0.04671892317546812j)
2.0,1.6666666666666665,1.2222222222222223,(0.0014113098880900285+0.0003068390037066248j),(0.10502379259029788-0.07298571980087454j)
2.0,1.6666666666666665,1.3333333333333333,(0.0009140490298857643-0.0010244848326682737j),(-0.011637609731753214-0.12657274698564802j)
2.0,1.6666666666666665,1.4444444444444444,(-0.000507063873185411-0.001199081276091312j),(-0.11847960170477337-0.043482401717418545j)
2.0,1.6666666666666665,1.5555555555555556,(-0.001231327712360559+3.2365771712315625e-05j),(-0.0831806479935413+0.09357104470486548j)
2.0,1.6666666666666665,1.6666666666666665,(-0.0003245253129285664+0.0011169857560540037j),(0.06315651627883156+0.1068116205623921j)
2.0,1.6666666666666665,1.7777777777777777,(0.000945834176479813+0.000554974645397344j),(0.11792005496091806-0.03455775208630507j)
2.0,1.6666666666666665,1.8888888888888888,(0.000681455622060969-0.000775665183796955j),(-0.011398846948952197-0.12105020854044343j)
2.0,1.6666666666666665,2.0,(-0.0006359218119846431-0.0007338173842983315j),(-0.12010368620061755-0.005161235411318422j)
2.0,1.7777777777777777,1.0,(0.0012505557052224624+0.0009858498371259738j),(0.12303120786785585-0.02277322000821197j)
2.0,1.7777777777777777,1.1111111111111112,(0.0014919064872054232-0.00032142246764415124j),(0.06071457376578847-0.10885380291313872j)
2.0,1.7777777777777777,1.2222222222222223,(0.0005683058639482927-0.0013427575435881966j),(-0.053809372797542276-0.1117831450744872j)
2.0,1.7777777777777777,1.3333333333333333,(-0.0008215246349623595-0.0011201815900153892j),(-0.1228784169222368-0.011062903456159193j)
2.0,1.7777777777777777,1.4444444444444444,(-0.0013019008029219888+0.000218858543289212j),(-0.06478260251165165+0.10407079790131639j)
2.0,1.7777777777777777,1.5555555555555556,(-0.0002876149693210008+0.0012183781805657219j),(0.0702035614776122+0.09940565280634j)
2.0,1.7777777777777777,1.6666666666666665,(0.0010001624330155416+0.0006352077691890356j),(0.11600190827432108-0.033378834172635985j)
2.0,1.7777777777777777,1.7777777777777777,(0.0008328541474304812-0.0007481384310097389j),(-0.0007658022329775381-0.11962700919851929j)
2.0,1.7777777777777777,1.8888888888888888,(-0.0005215192221805008-0.0009186578178656554j),(-0.11586887124927056-0.024669349083069753j)
2.0,1.7777777777777777,2.0,(-0.0009334960313308602+0.00034616684567833565j),(-0.042565480666853464+0.10922516374729263j)
2.0,1.8888888888888888,1.0,(0.0010833470203242556-0.0011664740374460667j),(-0.014994520684452572-0.1202276058476136j)
2.0,1.8888888888888888,1.1111111111111112,(-0.0001684968466337733-0.0015194224630639122j),(-0.10046363401092229-0.06700297457874363j)
2.0,1.8888888888888888,1.2222222222222223,(-0.0012670471338259875-0.0007326024792447809j),(-0.11307411214969608+0.04096112285381898j)
2.0,1.8888888888888888,1.3333333333333333,(-0.001235715507577223+0.0006524783856083193j),(-0.0253674499465232+0.11695766980335884j)
2.0,1.8888888888888888,1.4444444444444444,(-5.803363353979719e-06+0.0013309080444420486j),(0.09069436804118985+0.07703259831289766j)
2.0,1.8888888888888888,1.5555555555555556,(0.0011511226835524547+0.0005241697384406124j),(0.10678491802570578-0.05071324281701233j)
2.0,1.8888888888888888,1.6666666666666665,(0.000849153260343024-0.0008475576853010043j),(-0.009844281458031012-0.1169312294826037j)
2.0,1.8888888888888888,1.7777777777777777,(-0.0005307090306108505-0.0010045586209373736j),(-0.1137132206545613-0.024804165389961157j)
2.0,1.8888888888888888,1.8888888888888888,(-0.0010422660363447684+0.0002605973810672546j),(-0.05080508508976528+0.10355630185139214j)
2.0,1.8888888888888888,2.0,(5.909015075770102e-05+0.0010129950438634995j),(0.09141147317664597+0.06850683718403978j)
2.0,2.0,1.0,(-0.0011345118595918482-0.0011049394342917697j),(-0.11644494594516924+0.01385797883671408j)
2.0,2.0,1.1111111111111112,(-0.0015203791424576807+0.00010068139059757334j),(-0.06737558601006198+0.09557784106619016j)
2.0,2.0,1.2222222222222223,(-0.0008137260404557801+0.0012142772569659005j),(0.034463960634168844+0.11131509137830872j)
2.0,2.0,1.3333333333333333,(0.000540408646499907+0.0012898734487637531j),(0.11140298900012899+0.0324455738629483j)
2.0,2.0,1.4444444444444444,(0.0013256484890425315+0.0001560598365093561j),(0.08260179019305008-0.0806528733599027j)
2.0,2.0,1.5555555555555556,(0.0006801840837502829-0.0010739909726760026j),(-0.036765794804233046-0.10872527357782619j)
2.0,2.0,1.6666666666666665,(-0.000704350854241904-0.0009819482512901326j),(-0.11382205331761285-0.006598765598752519j)
2.0,2.0,1.7777777777777777,(-0.00109609769862219+0.00033727280982065233j),(-0.04214957162007789+0.1050275859122739j)
2.0,2.0,1.8888888888888888,(3.473152977730913e-05+0.0010862080141666264j),(0.08948137177594193+0.06776862665734144j)
2.0,2.0,2.0,(0.0010119036815633073+0.00018453696675681442j),(0.0843505748580734-0.07253992162569123j)
